,Hex Id,Score,Average price per bedroom,NÂº of Airbnbs listed
0,88344c5007fffff,1826.25,64.61,56
1,88344124b7fffff,820.25,56.54,5
2,88344c5107fffff,1361.5,60.56,9
3,88344124b3fffff,830.5,166.0,1
4,88344c5039fffff,1987.5,64.44,68
5,88344c5035fffff,2548.25,52.9,44
6,88344c5101fffff,1378.25,96.33,1
7,88344125d9fffff,1626.75,146.84,13
8,88344125d9fffff,1626.75,146.84,13
9,88344124bbfffff,952.5,27.25,4
10,88344c5161fffff,1091.25,51.1,5
11,88344c5165fffff,948.5,59.02,168
12,88344c503dfffff,2461.75,55.0,57
13,88344124b5fffff,927.5,56.47,205
14,88344124adfffff,1023.25,108.43,89
15,88344124abfffff,994.0,61.11,168
16,88344c502bfffff,1905.5,73.0,1
17,88344c513dfffff,1753.0,97.75,3
18,88344c513dfffff,1753.0,97.75,3
19,8834412497fffff,1085.25,54.15,73
20,8834412497fffff,1085.25,54.15,73
21,883441243bfffff,1352.75,66.0,1
22,88344124e5fffff,1561.0,0.2,2
23,88344c5141fffff,1441.75,20.0,1
24,88344124a9fffff,997.25,61.92,65
25,88344c5155fffff,1345.5,38.5,2
26,88344124e3fffff,1160.0,30.0,1
27,88344c5a59fffff,957.25,56.46,108
28,88344c5a59fffff,957.25,56.46,108
29,88344c5105fffff,1793.25,37.5,1
30,88344124e1fffff,1181.75,51.69,6
31,88344c5115fffff,1892.75,31.5,2
32,88344c5a5bfffff,1173.25,63.63,206
33,88344c513bfffff,1936.5,30.3,5
34,88344c5123fffff,2006.0,50.9,110
35,88344c5a5dfffff,1029.5,69.98,261
36,88344124edfffff,1677.5,46.83,11
37,88344c5ac9fffff,2013.5,60.91,39
38,8834412415fffff,1565.0,77.75,1
39,88344c5167fffff,1334.0,46.39,43
40,8834412417fffff,1693.25,38.52,8
41,8834412467fffff,1506.75,64.71,6
42,88344c5323fffff,1701.75,85.5,1
43,88344c5323fffff,1701.75,85.5,1
44,88344124bdfffff,1134.5,72.25,161
45,88344c5005fffff,2087.5,25.0,1
46,88344c5061fffff,1597.25,40.67,3
47,88344c5061fffff,1597.25,40.67,3
48,883441255dfffff,2372.25,32.5,1
49,88344c51edfffff,2086.25,34.08,14
50,88344c5a49fffff,1266.75,59.06,50
51,88344125d3fffff,1576.5,91.18,19
52,88344125d3fffff,1576.5,91.18,19
53,8834412485fffff,1378.5,78.09,38
54,88344124e9fffff,1586.75,39.73,16
55,88344124e9fffff,1586.75,39.73,16
56,8834412407fffff,1630.75,56.69,6
57,88344c5149fffff,1772.5,36.33,3
58,88344125dbfffff,1872.5,83.01,4
59,88344c512dfffff,1402.75,97.65,32
60,88344c5015fffff,1790.25,49.36,67
61,88344c5025fffff,2055.25,41.05,11
62,88344c5111fffff,2131.5,54.5,9
63,8834412435fffff,1696.0,109.86,7
64,8834412435fffff,1696.0,109.86,7
65,8834412435fffff,1696.0,109.86,7
66,8834412435fffff,1696.0,109.86,7
67,88344c5335fffff,1816.75,68.82,6
68,88344c5a4bfffff,1126.25,62.3,251
69,8834412423fffff,1725.0,51.11,8
70,88344c5139fffff,2191.5,26.0,1
71,8834412551fffff,2300.0,60.33,2
72,88344125cbfffff,1729.75,41.83,32
73,88344c5135fffff,2209.0,89.0,1
74,88344c5135fffff,2209.0,89.0,1
75,88344c5327fffff,1639.25,27.5,1
76,8834412487fffff,1494.0,61.59,35
77,88344124a1fffff,1433.25,78.15,101
78,88344124a1fffff,1433.25,78.15,101
79,883441243dfffff,1798.5,46.58,9
80,88344c5127fffff,2276.5,75.68,49
81,88344c5127fffff,2276.5,75.68,49
82,88344c5a51fffff,1400.75,59.64,171
83,88344c5a51fffff,1400.75,59.64,171
84,88344124a5fffff,1500.5,106.75,2
85,88344124b1fffff,1380.0,108.61,3
86,88344c5021fffff,2027.25,64.5,2
87,88344c5003fffff,1931.75,87.63,3
88,8834412439fffff,1848.25,101.83,6
89,8834412553fffff,2301.5,57.9,7
90,8834412733fffff,2893.25,183.33,1
91,8834412733fffff,2893.25,183.33,1
92,88344c5a43fffff,1354.25,91.22,127
93,88344c5a43fffff,1354.25,91.22,127
94,88344c5119fffff,2241.25,23.0,1
95,88344c505dfffff,1770.75,45.0,2
96,88344125c9fffff,1955.75,49.19,189
97,88344c5321fffff,1895.25,55.08,12
98,8834412703fffff,1949.75,47.0,1
99,88344c5043fffff,2073.0,59.25,2
100,88344c5069fffff,1919.75,83.33,1
101,88344c506bfffff,1936.25,32.66,9
102,88344c52a5fffff,1720.75,57.98,17
103,88344c502dfffff,2037.0,71.36,7
104,8834412557fffff,2260.75,57.83,6
105,88344c5a55fffff,1532.25,97.91,32
106,88344c5a55fffff,1532.25,97.91,32
107,8834412727fffff,2647.25,51.25,4
108,88344125cdfffff,2233.0,57.27,86
109,8834412429fffff,2034.0,74.83,3
110,8834412429fffff,2034.0,74.83,3
111,8834412731fffff,2458.5,76.54,2
112,8834412481fffff,1780.5,86.77,23
113,8834412715fffff,2071.5,30.5,1
114,88344c5019fffff,1890.75,62.5,2
115,8834412405fffff,2069.5,93.83,3
116,8834412499fffff,1809.75,35.0,1
117,88344c51c1fffff,2371.0,29.53,18
118,8834412413fffff,2212.25,75.95,14
119,8834412413fffff,2212.25,75.95,14
120,8834412491fffff,1739.25,73.24,6
121,88344124d3fffff,1834.25,29.45,10
122,88344124d3fffff,1834.25,29.45,10
123,88344c533dfffff,2242.0,52.18,6
124,8834412425fffff,2847.75,83.51,8
125,88344c501bfffff,1912.75,55.5,2
126,88344c5133fffff,2644.5,26.13,5
127,8834412403fffff,2188.25,135.38,4
128,8834412403fffff,2188.25,135.38,4
129,88344c5325fffff,1960.25,63.33,6
130,88344c5041fffff,2397.0,82.0,1
131,88344c5059fffff,1788.25,42.0,1
132,88344c52a1fffff,1759.75,48.82,121
133,8834412463fffff,2188.25,52.31,8
134,88344c5213fffff,1882.5,49.5,1
135,88344c501dfffff,2528.25,39.75,4
136,88344c501dfffff,2528.25,39.75,4
137,883441209bfffff,2687.75,36.94,20
138,883441254dfffff,2824.75,44.32,53
139,88344c523bfffff,1938.75,108.27,10
140,88344c506dfffff,2250.5,46.0,1
141,88344c506dfffff,2250.5,46.0,1
142,883441251bfffff,2509.0,65.32,48
143,883441251bfffff,2509.0,65.32,48
144,88344c532bfffff,2363.75,38.68,11
145,88344c52edfffff,1788.75,78.0,1
146,883441276bfffff,2329.25,58.0,1
147,883441276bfffff,2329.25,58.0,1
148,8834412723fffff,2973.75,71.5,3
149,8834412723fffff,2973.75,71.5,3
150,88344c504bfffff,2229.75,37.0,1
151,88344c5a53fffff,1956.75,58.0,1
152,88344c52abfffff,1792.75,45.0,2
153,88344120d3fffff,2754.0,45.91,20
154,88344120d3fffff,2754.0,45.91,20
155,88344c52a7fffff,2009.75,47.17,21
156,8834412401fffff,2377.5,90.0,1
157,8834412401fffff,2377.5,90.0,1
158,8834412735fffff,2823.5,77.39,6
159,883441240dfffff,2415.0,68.58,13
160,88344c51c7fffff,2777.25,48.16,77
161,88344c51c7fffff,2777.25,48.16,77
162,88344c5053fffff,2223.75,75.0,1
163,88344c5305fffff,2441.5,46.5,2
164,88344c5217fffff,2011.75,39.6,16
165,88344124d1fffff,2224.25,68.0,3
166,88344c531bfffff,2478.5,32.4,2
167,88344c531bfffff,2478.5,32.4,2
168,88344c531bfffff,2478.5,32.4,2
169,88344c5285fffff,1766.25,58.01,48
170,883441270bfffff,2598.0,130.0,1
171,883441270bfffff,2598.0,130.0,1
172,88344c51ebfffff,2890.0,52.08,29
173,883441271dfffff,2607.5,60.67,3
174,88344120d7fffff,2976.5,52.12,29
175,8834412711fffff,2657.5,50.0,2
176,88344c5011fffff,2257.75,52.3,5
177,88344120d1fffff,3024.5,64.15,4
178,88344c528dfffff,1848.25,43.61,53
179,8834412747fffff,2673.25,62.5,3
180,883441240bfffff,2770.75,34.0,2
181,88344c5329fffff,2600.0,41.11,3
182,88344c5329fffff,2600.0,41.11,3
183,8834412763fffff,2870.25,80.0,1
184,8834412461fffff,3438.25,37.0,1
185,88344120d9fffff,3255.75,43.33,1
186,88344c5113fffff,3303.75,45.72,24
187,88344120cbfffff,3264.5,55.21,54
188,88344c5301fffff,2847.0,61.4,10
189,8834412701fffff,3067.25,67.53,7
190,88344c5353fffff,2856.5,42.25,2
191,88344124dbfffff,2663.5,46.5,5
192,8834412293fffff,2955.75,35.5,4
193,88344c5229fffff,2755.5,49.0,2
194,88344122b5fffff,3369.0,57.51,44
195,8834412283fffff,3014.25,22.5,1
196,8834412705fffff,3198.0,38.0,1
197,8834412291fffff,3029.0,34.67,2
198,8834412409fffff,3014.0,75.0,1
199,88344c5287fffff,2250.25,28.0,1
200,8834412707fffff,3462.0,66.64,4
201,8834412709fffff,3077.5,37.33,1
202,8834412445fffff,3091.75,26.67,1
203,8834412445fffff,3091.75,26.67,1
204,88344120d5fffff,3460.5,69.31,8
205,88344120d5fffff,3460.5,69.31,8
206,88344120d5fffff,3460.5,69.31,8
207,88344120d5fffff,3460.5,69.31,8
208,883441276dfffff,3089.0,43.0,5
209,88344120c9fffff,3489.5,49.3,126
210,88344c5289fffff,2345.75,47.5,50
211,88344c521dfffff,2696.0,25.0,1
212,88344c5239fffff,2847.0,,1
213,88344c5357fffff,3105.5,67.3,17
214,88344c5203fffff,2758.25,45.01,5
215,88344c520dfffff,2899.0,62.0,3
216,883441244dfffff,3235.75,53.17,3
217,88344c5281fffff,2429.25,43.63,222
218,88344c5281fffff,2429.25,43.63,222
219,88344c526bfffff,2949.0,31.5,6
220,88344124d9fffff,3001.75,158.65,11
221,8834412455fffff,3271.5,39.22,5
222,88344122a3fffff,3674.5,50.83,106
223,88344c5303fffff,3221.75,63.33,3
224,8834412765fffff,3302.5,67.0,1
225,8834412765fffff,3302.5,67.0,1
226,88344c530bfffff,3224.75,59.72,8
227,8834412457fffff,3323.5,65.33,3
228,88344c52c1fffff,2912.75,58.0,1
229,8834412297fffff,3331.0,105.0,1
230,88344c5351fffff,3292.5,40.62,4
231,88344122bdfffff,3730.75,102.25,2
232,88344c520bfffff,2916.25,27.67,1
233,88344c522dfffff,3228.5,25.0,1
234,88344ccd57fffff,3024.0,27.88,16
235,88344c52d5fffff,2624.0,42.53,10
236,8834412443fffff,3415.75,75.0,1
237,88344c52c3fffff,2633.5,60.08,13
238,88344122b9fffff,3450.25,130.0,3
239,88344c5367fffff,3183.25,53.56,3
240,88344ccf59fffff,3099.0,40.22,32
241,8834412743fffff,3497.25,53.0,1
242,8834412295fffff,3499.25,91.67,6
243,88344c5245fffff,3195.5,45.07,5
244,88344122b3fffff,3515.0,82.62,8
245,88344c5265fffff,3391.0,43.94,3
246,88344120dbfffff,3569.25,56.0,1
247,88344120dbfffff,3569.25,56.0,1
248,88344ccf33fffff,3218.0,34.54,30
249,88344ccd59fffff,3219.25,54.0,3
250,88344c52c7fffff,2950.75,49.0,1
251,88344c52a3fffff,2488.0,37.0,2
252,88344c52a3fffff,2488.0,37.0,2
253,88344122c3fffff,3624.75,20.0,1
254,88344122c3fffff,3624.75,20.0,1
255,88344122c7fffff,3641.5,62.71,7
256,8834412453fffff,3665.0,44.0,1
257,8834412453fffff,3665.0,44.0,1
258,8834413527fffff,3677.25,67.07,14
259,88344c5243fffff,3263.5,40.0,2
260,8834412441fffff,3764.75,62.08,6
261,88344c5209fffff,3315.25,25.0,1
262,88344c536dfffff,3440.0,27.0,3
263,8834413535fffff,3763.25,46.0,4
264,88344122abfffff,4171.5,75.0,1
265,88344122a7fffff,4181.25,45.64,13
266,88344122cbfffff,3812.25,46.0,3
267,88344122cbfffff,3812.25,46.0,3
268,88344c5acdfffff,4299.0,80.5,1
269,88344122c1fffff,3822.5,127.5,2
270,88344c531dfffff,3677.75,66.25,2
271,883441228dfffff,3902.0,39.75,2
272,88344c5257fffff,3383.75,26.67,1
273,88344c530dfffff,3807.25,27.17,2
274,88344cc8b7fffff,3390.5,100.5,2
275,88344cc8bbfffff,3476.75,40.22,3
276,88344cc993fffff,3571.0,45.0,6
277,88344cce65fffff,3534.75,51.48,16
278,88344cce65fffff,3534.75,51.48,16
279,88344cce65fffff,3534.75,51.48,16
280,88344cce65fffff,3534.75,51.48,16
281,88344122cdfffff,3939.25,45.0,1
282,88344122cdfffff,3939.25,45.0,1
283,88344135b7fffff,3942.25,35.8,5
284,88344135b7fffff,3942.25,35.8,5
285,88344cc891fffff,3583.0,58.0,1
286,88344ccf5bfffff,3649.0,43.83,37
287,88344cc8b9fffff,3653.5,40.0,1
288,88344c5241fffff,3586.75,36.0,1
289,88344c5241fffff,3586.75,36.0,1
290,88344c5269fffff,3754.25,36.0,1
291,88344ccf11fffff,3705.75,81.53,6
292,88344c5317fffff,4009.25,141.0,2
293,88344cc1b9fffff,3719.25,37.0,5
294,88344cc1b9fffff,3719.25,37.0,5
295,88344ccf53fffff,3772.25,57.25,1
296,88344cc8dbfffff,3789.0,37.0,1
297,88344c524dfffff,3864.0,138.4,5
298,88344cc035fffff,3799.0,63.33,3
299,88344cc035fffff,3799.0,63.33,3
300,88344cc181fffff,3829.25,61.0,1
301,8834412697fffff,3944.75,58.5,2
302,88344cc03dfffff,3891.0,35.5,2
303,88344cd355fffff,4679.5,75.0,2
304,88344cc195fffff,3924.0,41.25,2
305,88344cc007fffff,3977.25,22.5,1
306,88344cc99bfffff,4051.75,49.62,6
307,88344cc99bfffff,4051.75,49.62,6
308,88344cc031fffff,4033.5,33.0,1
309,883441275dfffff,4411.0,51.83,2
310,88344cc001fffff,4059.0,41.02,17
311,88344cc1ddfffff,4101.75,80.0,1
312,883441ac93fffff,5444.75,142.0,9
313,883441ac93fffff,5444.75,142.0,9
314,883441ac93fffff,5444.75,142.0,9
315,883441ac93fffff,5444.75,142.0,9
316,88344cc8d9fffff,4146.75,41.59,17
317,88344cc8d9fffff,4146.75,41.59,17
318,8834412691fffff,4225.5,48.67,3
319,8834412691fffff,4225.5,48.67,3
320,8834413081fffff,6861.0,34.96,12
321,8834413767fffff,6603.75,70.0,3
322,8834413767fffff,6603.75,70.0,3
323,883441364bfffff,5748.5,35.04,6
324,88344cc89dfffff,4207.25,60.81,5
325,883441370dfffff,6605.0,40.0,1
326,8834413755fffff,6307.75,42.17,3
327,88344131d1fffff,7808.0,28.92,2
328,88344126b7fffff,4322.25,45.0,1
329,88344cd017fffff,4732.25,45.0,1
330,88344cc039fffff,4275.75,43.17,3
331,88344cd0edfffff,4814.5,46.94,6
332,8834413641fffff,5846.0,35.5,8
333,88344cdb37fffff,5330.25,55.9,5
334,88344cd309fffff,4755.75,38.75,2
335,88344cd309fffff,4755.75,38.75,2
336,88344cc8a7fffff,4281.5,50.12,4
337,88344cc8a7fffff,4281.5,50.12,4
338,88344cc8a7fffff,4281.5,50.12,4
339,88344cc8a7fffff,4281.5,50.12,4
340,88344130dbfffff,6802.75,61.33,3
341,883441ac97fffff,5720.25,56.75,4
342,883441ac97fffff,5720.25,56.75,4
343,883441ac97fffff,5720.25,56.75,4
344,883441ac97fffff,5720.25,56.75,4
345,883441ac97fffff,5720.25,56.75,4
346,883441ac97fffff,5720.25,56.75,4
347,88344cc227fffff,4669.5,26.67,1
348,88344cd1d3fffff,4938.0,46.72,35
349,88344cc00bfffff,4453.5,27.75,2
350,88344cd2e9fffff,4750.75,60.44,3
351,8834413709fffff,6570.25,48.73,11
352,8834413709fffff,6570.25,48.73,11
353,88344cda55fffff,4847.0,29.5,2
354,88344cda55fffff,4847.0,29.5,2
355,88344cda35fffff,4956.0,37.5,1
356,88344cd191fffff,4854.0,35.21,7
357,88344cd191fffff,4854.0,35.21,7
358,88344ccab7fffff,4391.75,52.0,1
359,88344cd30dfffff,4812.5,18.8,1
360,88344cc043fffff,4533.25,25.25,2
361,88344cd20dfffff,4673.25,57.21,7
362,88344131dbfffff,7740.25,65.43,15
363,88344cc26bfffff,4978.5,32.5,1
364,88344cd2adfffff,4787.5,25.5,1
365,88344cd949fffff,5618.75,113.56,4
366,88344cd949fffff,5618.75,113.56,4
367,88344cca97fffff,4421.75,33.54,6
368,88344cca97fffff,4421.75,33.54,6
369,88344cd353fffff,4952.25,25.0,1
370,88344cd353fffff,4952.25,25.0,1
371,88344cd353fffff,4952.25,25.0,1
372,88344cd353fffff,4952.25,25.0,1
373,8834413661fffff,6253.0,51.94,8
374,88344cc225fffff,4761.25,44.0,1
375,88344cc225fffff,4761.25,44.0,1
376,88344cd1d1fffff,5016.0,44.83,10
377,88344cd32dfffff,4790.5,47.75,1
378,88344130e7fffff,7529.5,32.93,5
379,88344cd1dbfffff,4999.5,39.95,10
380,883441a4bbfffff,4894.75,57.35,14
381,883441a4bbfffff,4894.75,57.35,14
382,88344131d3fffff,7867.25,37.0,3
383,88344cd84dfffff,5218.75,51.77,7
384,88344130d1fffff,7024.5,46.82,17
385,88344130d1fffff,7024.5,46.82,17
386,8834413663fffff,5737.5,42.11,3
387,883441acb7fffff,6002.5,42.98,5
388,883441a491fffff,4911.25,21.33,1
389,88344cda3dfffff,5048.5,59.35,12
390,88344cd2e7fffff,4862.0,48.0,1
391,883441366bfffff,6208.25,59.22,6
392,883441366bfffff,6208.25,59.22,6
393,88344cd213fffff,4764.0,37.5,2
394,88344cd35dfffff,4933.25,61.8,5
395,88344cd1d7fffff,5098.0,65.0,1
396,88344cca93fffff,4491.5,60.38,7
397,88344cca93fffff,4491.5,60.38,7
398,88344cd2a5fffff,4809.25,32.92,4
399,88344cc269fffff,5067.0,32.5,1
400,88344cdb13fffff,5278.0,39.0,1
401,8834413763fffff,7012.75,65.48,56
402,88344cd2a9fffff,4874.5,28.46,4
403,8834413751fffff,6426.5,40.93,20
404,88344cda5dfffff,5020.25,64.6,5
405,88344cd329fffff,4862.25,46.88,4
406,88344cd013fffff,4954.5,53.87,41
407,883441365dfffff,6071.5,80.25,4
408,883441365dfffff,6071.5,80.25,4
409,88344131d5fffff,8022.0,37.5,1
410,88344cd01bfffff,4853.75,52.48,10
411,88344cd2c9fffff,4790.5,29.5,2
412,88344cda07fffff,5103.25,52.42,16
413,88344cda07fffff,5103.25,52.42,16
414,88344cda07fffff,5103.25,52.42,16
415,88344cda07fffff,5103.25,52.42,16
416,88344ccf6dfffff,4558.0,39.14,7
417,88344cd26bfffff,4899.25,34.62,4
418,88344cd26bfffff,4899.25,34.62,4
419,88344cda09fffff,5113.0,49.08,37
420,88344cc9adfffff,4671.5,86.25,4
421,88344cc9adfffff,4671.5,86.25,4
422,88344cc9adfffff,4671.5,86.25,4
423,88344cc9adfffff,4671.5,86.25,4
424,883441309dfffff,6227.75,63.33,10
425,8834412755fffff,4964.25,40.0,1
426,8834412755fffff,4964.25,40.0,1
427,8834412755fffff,4964.25,40.0,1
428,8834412755fffff,4964.25,40.0,1
429,88344cd305fffff,4892.0,65.5,2
430,8834413547fffff,5231.25,26.83,3
431,8834413547fffff,5231.25,26.83,3
432,88344cd20bfffff,4869.5,37.48,7
433,88344cd869fffff,5489.75,48.0,1
434,88344cd19dfffff,5205.0,44.57,5
435,883441acb1fffff,6162.75,37.67,6
436,883441a497fffff,5047.25,21.79,4
437,88344cd84bfffff,5284.25,44.69,18
438,88344cd2ebfffff,4874.25,26.5,3
439,883441309bfffff,5464.0,27.0,3
440,883441309bfffff,5464.0,27.0,3
441,883441309bfffff,5464.0,27.0,3
442,883441309bfffff,5464.0,27.0,3
443,883441a495fffff,5072.0,64.41,15
444,883441a495fffff,5072.0,64.41,15
445,88344ccf69fffff,4636.75,47.67,12
446,88344ccf69fffff,4636.75,47.67,12
447,88344cda43fffff,5171.0,95.0,2
448,88344cc1adfffff,4647.25,73.5,2
449,88344cc1adfffff,4647.25,73.5,2
450,8834413667fffff,6454.75,69.5,4
451,88344cd941fffff,5648.5,133.77,11
452,88344cd2a7fffff,5045.75,54.18,11
453,88344cd289fffff,5036.25,73.17,2
454,8834413725fffff,5564.25,63.31,8
455,88344cd247fffff,5006.0,77.25,8
456,88344cc1e7fffff,4676.0,53.5,2
457,88344cc1e7fffff,4676.0,53.5,2
458,88344cc1e7fffff,4676.0,53.5,2
459,88344130c3fffff,7443.0,29.5,1
460,88344130ddfffff,7307.0,40.0,1
461,88344130e3fffff,7711.5,32.88,4
462,88344cd207fffff,4899.25,20.0,1
463,88344cd207fffff,4899.25,20.0,1
464,8834413089fffff,7401.5,46.31,9
465,88344cdb3bfffff,5542.25,28.0,1
466,88344cc8ddfffff,4708.25,43.5,2
467,88344cc8ddfffff,4708.25,43.5,2
468,88344130a9fffff,7885.75,45.0,1
469,88344130a9fffff,7885.75,45.0,1
470,88344cd323fffff,4987.0,40.0,1
471,88344cca91fffff,4736.75,36.33,3
472,88346a6d31fffff,4856.0,60.24,35
473,88344cd183fffff,5334.75,85.5,5
474,883441375bfffff,6426.5,35.46,8
475,88344cd24bfffff,5046.25,22.25,1
476,88344cd2c5fffff,5006.0,34.83,3
477,88344cd2c5fffff,5006.0,34.83,3
478,88344cda2bfffff,5356.5,60.96,26
479,88344cd0c9fffff,5148.5,76.28,3
480,88344126dbfffff,4859.75,53.61,14
481,8834413721fffff,5664.25,46.35,9
482,8834413721fffff,5664.25,46.35,9
483,883441372dfffff,5915.0,41.31,8
484,88344cd051fffff,5074.25,40.0,1
485,88344cda03fffff,5353.25,36.25,7
486,88344cc8abfffff,4796.5,64.15,13
487,88344cc8abfffff,4796.5,64.15,13
488,88344cd959fffff,5821.25,51.06,3
489,88344cd959fffff,5821.25,51.06,3
490,88344cd959fffff,5821.25,51.06,3
491,88344cd959fffff,5821.25,51.06,3
492,88344cd2c1fffff,5060.5,20.0,1
493,88344cd221fffff,5142.75,25.0,1
494,8834413659fffff,6346.0,25.56,3
495,883441acbbfffff,6362.75,68.1,8
496,883441acbbfffff,6362.75,68.1,8
497,883441acbbfffff,6362.75,68.1,8
498,883441acbbfffff,6362.75,68.1,8
499,883441acbbfffff,6362.75,68.1,8
500,883441acbbfffff,6362.75,68.1,8
501,883441360dfffff,6554.75,31.5,2
502,88344cc359fffff,5331.0,22.21,2
503,88344cdb39fffff,5617.75,65.51,29
504,8834413561fffff,5244.0,52.0,3
505,88344cd18bfffff,5425.0,36.67,2
506,88344cc8a5fffff,4907.5,52.25,2
507,88344cc8a5fffff,4907.5,52.25,2
508,88344cc22dfffff,5379.5,31.33,1
509,88344cda0dfffff,5405.75,75.0,1
510,88344cda0dfffff,5405.75,75.0,1
511,8834413743fffff,7042.25,130.0,1
512,88344cd95dfffff,6003.5,34.81,12
513,88344cd95dfffff,6003.5,34.81,12
514,88344cdb11fffff,5386.5,41.43,22
515,88344cdb11fffff,5386.5,41.43,22
516,88344131d7fffff,8007.0,57.0,1
517,88344131d7fffff,8007.0,57.0,1
518,88344131d7fffff,8007.0,57.0,1
519,88344131d7fffff,8007.0,57.0,1
520,88344131d7fffff,8007.0,57.0,1
521,88344cd219fffff,5133.5,26.38,4
522,8834413753fffff,6463.0,40.01,42
523,8834413753fffff,6463.0,40.01,42
524,88346a6d39fffff,4931.75,63.88,78
525,8834413625fffff,5904.5,35.72,13
526,8834413625fffff,5904.5,35.72,13
527,8834413669fffff,6742.25,61.62,13
528,88344cc1edfffff,4894.75,30.0,1
529,88344cda31fffff,5546.0,67.22,6
530,8834413729fffff,5979.25,36.65,10
531,8834413729fffff,5979.25,36.65,10
532,88344cd33dfffff,5097.75,12.0,1
533,88344cd36bfffff,5268.25,28.0,1
534,88344cd21bfffff,5163.25,36.0,2
535,88346a6d3dfffff,4956.0,38.84,42
536,88344cd243fffff,5213.25,73.43,14
537,88344cdb35fffff,5986.75,56.22,20
538,88344cd1b7fffff,5453.0,47.08,4
539,88344cd1b7fffff,5453.0,47.08,4
540,88344cdb15fffff,5627.75,61.18,11
541,88344cda47fffff,5499.25,101.67,1
542,883441358dfffff,5332.25,60.0,1
543,883441358dfffff,5332.25,60.0,1
544,88344cc133fffff,4958.0,19.5,1
545,88346a6d07fffff,4925.75,60.7,35
546,88344cd255fffff,5246.25,74.5,2
547,88344cd149fffff,5224.75,74.0,1
548,88344cd041fffff,5218.5,40.28,3
549,883441362dfffff,6449.25,52.73,13
550,88344131d9fffff,8186.25,120.0,1
551,88344cdb3dfffff,5983.25,52.21,11
552,8834413505fffff,5361.75,120.0,1
553,883441225dfffff,6644.0,45.0,2
554,8834413629fffff,6400.5,53.67,4
555,8834413629fffff,6400.5,53.67,4
556,88344cd1bbfffff,5550.5,156.0,1
557,88344cd1bbfffff,5550.5,156.0,1
558,88344cc9e5fffff,5091.75,36.67,1
559,88344cc9e5fffff,5091.75,36.67,1
560,88344cd86bfffff,5764.0,49.19,7
561,8834413621fffff,6114.25,29.28,4
562,8834413621fffff,6114.25,29.28,4
563,88344cc20dfffff,5600.0,41.07,5
564,88344cc113fffff,5034.75,24.9,7
565,8834412243fffff,7297.0,32.0,2
566,8834412243fffff,7297.0,32.0,2
567,88344cd04dfffff,5269.0,42.0,1
568,8834413609fffff,6792.75,33.75,4
569,8834413651fffff,6598.5,32.2,5
570,88344cda39fffff,5629.0,35.88,4
571,8834413605fffff,6777.5,46.5,2
572,88344cd367fffff,5452.5,40.0,1
573,88344cd361fffff,5431.0,53.97,11
574,883441375dfffff,7003.25,42.94,28
575,88346a6d27fffff,5268.75,51.38,7
576,88344130a1fffff,8224.25,75.0,1
577,88344ccf19fffff,5099.25,35.42,16
578,88346a69b1fffff,5518.75,37.5,2
579,883441acb3fffff,6645.0,56.4,5
580,88344cc31dfffff,5437.75,27.5,2
581,8834413655fffff,6765.25,49.28,3
582,8834413655fffff,6765.25,49.28,3
583,883441364dfffff,6672.0,81.33,1
584,88344cda37fffff,5786.75,44.53,5
585,88344cda37fffff,5786.75,44.53,5
586,883441365bfffff,6684.25,20.0,1
587,883441365bfffff,6684.25,20.0,1
588,883441365bfffff,6684.25,20.0,1
589,88346a6d03fffff,4932.75,55.91,48
590,88344cd045fffff,5261.75,95.0,1
591,88344ccad9fffff,5151.75,44.5,1
592,88346a68b5fffff,5452.5,28.47,5
593,883441a4d7fffff,5618.75,98.48,7
594,883441a4d7fffff,5618.75,98.48,7
595,883441356dfffff,5889.25,65.0,2
596,883441356dfffff,5889.25,65.0,2
597,883441356dfffff,5889.25,65.0,2
598,88344cd011fffff,5490.75,57.68,5
599,88344cd1b9fffff,5809.25,33.33,1
600,8834413759fffff,6980.5,67.38,11
601,883441362bfffff,6473.75,40.33,3
602,8834413643fffff,6986.0,27.5,2
603,8834413643fffff,6986.0,27.5,2
604,88344cd85dfffff,5907.0,111.62,4
605,88344cd965fffff,6795.0,22.75,2
606,883441a49dfffff,5691.25,59.26,11
607,8834413627fffff,6309.25,63.22,6
608,88344cdb19fffff,5560.25,46.52,192
609,88344130a7fffff,8131.5,40.5,3
610,88344cc34bfffff,5717.25,77.21,2
611,88344cc34bfffff,5717.25,77.21,2
612,88346a6d0bfffff,4846.0,37.55,10
613,8834413705fffff,6139.5,33.75,2
614,88344cdb03fffff,6019.0,42.11,14
615,88344cdb03fffff,6019.0,42.11,14
616,88344cdb03fffff,6019.0,42.11,14
617,88346a69b5fffff,5704.5,95.75,2
618,88346a69b5fffff,5704.5,95.75,2
619,883441371dfffff,5933.5,31.54,4
620,88344cc99dfffff,5369.25,44.0,2
621,88344cd047fffff,5469.25,35.0,1
622,88344cd181fffff,5901.25,47.17,2
623,88344cd843fffff,6060.0,41.83,5
624,883441370bfffff,6418.0,51.54,4
625,88344cd313fffff,5282.25,75.5,2
626,88344cd36dfffff,5681.0,46.66,17
627,8834413701fffff,6165.25,49.7,5
628,8834413701fffff,6165.25,49.7,5
629,88344cdb1dfffff,5852.25,41.69,141
630,88344cdb1dfffff,5852.25,41.69,141
631,88344cdb1dfffff,5852.25,41.69,141
632,88344cd863fffff,6089.0,38.33,3
633,88344cd863fffff,6089.0,38.33,3
634,88344cd349fffff,5863.25,46.67,1
635,8834413623fffff,6454.25,44.5,2
636,88346a69b9fffff,5780.0,67.15,3
637,88346a69b9fffff,5780.0,67.15,3
638,88346a69b9fffff,5780.0,67.15,3
639,88346a6d21fffff,5549.5,51.57,5
640,88344cd855fffff,6045.0,40.7,5
641,8834413719fffff,6075.75,56.0,1
642,88346a68bdfffff,5684.0,35.23,5
643,88346a69bdfffff,5809.75,54.25,4
644,88344cd1b1fffff,5967.5,72.42,6
645,88344cda05fffff,5994.0,50.19,6
646,88344cd031fffff,5881.5,48.0,1
647,8834413707fffff,6034.5,36.0,1
648,88344ccabbfffff,5426.0,39.36,7
649,88344cd859fffff,6096.75,26.67,1
650,883441221dfffff,5819.25,53.62,7
651,88344cdb0bfffff,5961.0,26.67,1
652,883441360bfffff,7229.25,35.0,1
653,88344cc069fffff,5531.5,35.0,1
654,8834413607fffff,7187.5,55.03,6
655,88344cd967fffff,7042.25,49.67,1
656,88344cd967fffff,7042.25,49.67,1
657,883441220dfffff,7045.75,67.67,3
658,883441220dfffff,7045.75,67.67,3
659,883441224dfffff,8223.0,19.08,2
660,88346a6987fffff,5922.0,60.57,9
661,88344cc303fffff,5840.75,50.57,7
662,88344ccab1fffff,5541.75,23.33,3
663,88344ccab1fffff,5541.75,23.33,3
664,88344cc115fffff,5546.5,49.0,1
665,88344cd851fffff,6219.5,73.38,10
666,88346a6995fffff,5972.0,31.5,1
667,88344cc153fffff,5576.0,27.75,2
668,88344cd847fffff,6321.5,42.98,8
669,8834413703fffff,6056.75,45.0,1
670,88344cc313fffff,5681.5,40.0,1
671,883441a69bfffff,5967.75,33.33,1
672,88346a69a7fffff,6051.0,39.0,1
673,88344cc9d7fffff,5671.75,61.0,1
674,88344cd1ddfffff,6177.75,61.0,2
675,88344cc349fffff,5985.25,54.0,1
676,88344cd861fffff,6628.5,52.5,1
677,88344cc355fffff,5929.5,9.33,1
678,883441a4b9fffff,6072.25,74.33,3
679,8834412249fffff,8374.25,48.83,3
680,883441a4b1fffff,6100.0,43.89,3
681,883441a697fffff,6028.5,40.0,2
682,88344cd805fffff,6432.5,59.78,6
683,88344cc06dfffff,5776.5,65.0,1
684,88344cd1bdfffff,6260.5,48.69,16
685,88344cdb57fffff,6226.0,53.29,20
686,88344cd951fffff,6748.75,57.0,2
687,88344ccad1fffff,5741.75,48.0,3
688,88344ccad1fffff,5741.75,48.0,3
689,8834413635fffff,6898.5,38.5,2
690,88344cd1b5fffff,6244.25,48.42,3
691,883441363dfffff,6995.0,18.33,1
692,8834413711fffff,6258.0,65.0,1
693,88344cd809fffff,6512.5,30.0,1
694,88346a6d01fffff,5697.0,32.33,1
695,88346a699bfffff,6068.25,38.83,2
696,88346a68a3fffff,6066.75,35.0,1
697,88344ccab5fffff,5787.25,20.08,4
698,88344ccab5fffff,5787.25,20.08,4
699,88346a6985fffff,6324.0,27.0,3
700,88346a6d51fffff,5067.5,19.5,1
701,8834413449fffff,6861.75,73.0,3
702,88346a68a7fffff,6122.75,47.0,2
703,8834413603fffff,7175.5,51.25,2
704,8834413603fffff,7175.5,51.25,2
705,88344cd801fffff,6518.0,36.0,1
706,883441a695fffff,6226.25,53.33,4
707,88344cd857fffff,6540.75,43.17,2
708,88344cc04bfffff,6218.75,49.25,8
709,88346a68a1fffff,6191.5,43.33,3
710,88346a68a1fffff,6191.5,43.33,3
711,8834413715fffff,6273.75,33.33,2
712,88346a69adfffff,6436.0,32.12,4
713,88344cd1a7fffff,6320.5,45.0,1
714,88346a69a9fffff,6467.75,33.33,2
715,88344cc103fffff,5956.0,33.33,1
716,88346a699dfffff,6373.25,43.04,8
717,88344cd80bfffff,6629.25,39.83,2
718,88346a6d63fffff,5908.0,33.83,2
719,88344131a7fffff,9368.5,161.0,1
720,88344cd16bfffff,6298.75,50.0,1
721,8834413441fffff,6965.0,117.5,1
722,88344cd26dfffff,6422.0,31.4,5
723,88344cd26dfffff,6422.0,31.4,5
724,88344cd853fffff,6719.25,37.0,5
725,883441a6bbfffff,6442.0,34.04,17
726,88344cc15bfffff,6117.25,70.0,1
727,88346a69e3fffff,6647.0,32.83,4
728,883441a6dbfffff,6642.75,25.0,1
729,88344cc135fffff,6145.5,72.0,1
730,88344cc135fffff,6145.5,72.0,1
731,88346a6981fffff,6558.5,42.62,8
732,8834413637fffff,7368.0,36.5,1
733,88344cd96bfffff,7761.5,73.79,7
734,8834412263fffff,7763.5,45.0,1
735,88344cdaadfffff,6892.0,25.0,1
736,883441a699fffff,6583.5,43.67,1
737,88346a6989fffff,6665.5,29.89,3
738,88346a6999fffff,6668.25,49.42,6
739,8834413713fffff,6811.25,42.0,3
740,88346a6f37fffff,5438.0,90.0,2
741,88346a6f37fffff,5438.0,90.0,2
742,88344cca89fffff,6293.0,100.0,1
743,88346a6d5dfffff,5473.25,43.33,1
744,88346a6d5dfffff,5473.25,43.33,1
745,88346a698dfffff,6858.0,24.97,6
746,88344cd807fffff,7271.25,60.0,1
747,88344cd921fffff,7945.5,81.5,1
748,88344cdae5fffff,6997.0,32.0,1
749,88346a69c1fffff,6846.25,26.5,2
750,88344cd947fffff,8022.75,25.0,1
751,88344cd905fffff,8038.0,27.75,2
752,88344cdaa5fffff,7269.25,66.25,4
753,88344cc105fffff,6576.0,25.5,1
754,88346a69ebfffff,7191.5,52.5,2
755,88344cd91bfffff,7675.75,54.0,3
756,88346a6c45fffff,5272.0,105.75,4
757,88346a6837fffff,7117.0,38.67,3
758,88346a69cbfffff,7149.5,45.86,43
759,88346a69ddfffff,7197.5,69.0,2
760,88344cd911fffff,7817.0,50.0,1
761,88346a6f17fffff,5523.0,32.5,1
762,88346a6835fffff,7363.75,37.33,1
763,88344cc81bfffff,7010.5,71.0,1
764,88346a6c69fffff,5643.0,49.58,47
765,88346a6f13fffff,5638.75,45.11,9
766,88346a69c3fffff,7539.5,37.9,22
767,88344cd945fffff,8721.75,106.86,7
768,88344cd11dfffff,6850.75,40.36,2
769,88344cd819fffff,8173.75,58.75,2
770,88346a683dfffff,7931.25,45.78,28
771,88346a6e27fffff,6157.5,69.62,4
772,88344cd913fffff,8625.5,76.0,3
773,88346a6815fffff,8265.0,42.5,2
774,88346a6c49fffff,6509.0,70.15,10
775,88346a6e3dfffff,6838.25,51.48,7
776,88346a6e3dfffff,6838.25,51.48,7
777,88346a683bfffff,8727.0,53.33,3
778,88346a6e2bfffff,7158.25,50.17,3
779,88346a68dbfffff,7672.0,41.0,1
780,88346a68ebfffff,8645.75,47.0,1
781,88346a6e07fffff,7404.75,34.5,2
782,88346a6e07fffff,7404.75,34.5,2
783,88346a6839fffff,9306.25,46.23,11
784,88344ccb0bfffff,8549.5,,1
785,88344cd9b9fffff,8986.5,63.67,2
786,88346a6f43fffff,7205.25,,1
787,88346a6f41fffff,7274.0,29.0,1
788,88346a6ab3fffff,9190.0,26.0,1
789,88346a6f4dfffff,7770.75,38.83,13
790,88346a6f49fffff,7793.0,34.72,3
791,88346a61a3fffff,7920.0,35.02,10
792,88346a6f45fffff,8531.75,33.02,9
793,88346a6a93fffff,8560.0,32.5,1
794,88346a61bdfffff,8148.5,39.0,1
795,88346a61bdfffff,8148.5,39.0,1
796,88346a6193fffff,10553.5,50.5,2
