,Spot,lat,lng,cat,hex_id_7,geometry_7,hex_id_8,geometry_8,centr7_lat,centr7_lng,centr8_lat,centr8_lng,Atracciones naturales,Cultural,Golf,Parques y ocio,Playas destacadas,Transporte,Zonas comerciales
0,Siam park,28.072088893438114,-16.725586226576503,Parques y ocio,87344124bffffff,"{'type': 'Polygon', 'coordinates': [((-16.721132175783016, 28.084976025899863), (-16.73118433745175, 28.074518987008574), (-16.72609750055084, 28.061732249789266), (-16.71096220955892, 28.059401772934383), (-16.70091020315603, 28.0698565734511), (-16.705993331668182, 28.082644088869475), (-16.721132175783016, 28.084976025899863))]}",88344124b5fffff,"{'type': 'Polygon', 'coordinates': [((-16.72614978705164, 28.077173893909194), (-16.73118433745175, 28.074518987008574), (-16.731166612769062, 28.069371667562784), (-16.726114927347854, 28.06687935617632), (-16.721080764679755, 28.069534046516477), (-16.72109789971153, 28.074681264780704), (-16.72614978705164, 28.077173893909194))]}",28.0721885273798,-16.716046402219025,28.072026570909518,-16.726132356181335,0,0,0,1,0,0,0
1,Loro parque,28.40840501425618,-16.56471690324008,Parques y ocio,87344cdb1ffffff,"{'type': 'Polygon', 'coordinates': [((-16.55522156495662, 28.41966760810706), (-16.565324880055474, 28.409219338817636), (-16.560246293423685, 28.396410306350635), (-16.545068140116985, 28.39404878995081), (-16.534965009022596, 28.404494829662983), (-16.540039846417688, 28.417304615022015), (-16.55522156495662, 28.41966760810706))]}",88344cdb15fffff,"{'type': 'Polygon', 'coordinates': [((-16.560269586919517, 28.411867310916772), (-16.565324880055474, 28.409219338817636), (-16.56531681840114, 28.40406690023683), (-16.560254057011843, 28.401562538147658), (-16.555199157535068, 28.40421029680599), (-16.5552066257997, 28.40936263097149), (-16.560269586919517, 28.411867310916772))]}",28.406857840612407,-16.550144059328723,28.40671487302978,-16.560261821510405,0,0,0,1,0,0,0
2,Las aguilas jungle,28.07976846851556,-16.69534026592233,Parques y ocio,873441249ffffff,"{'type': 'Polygon', 'coordinates': [((-16.695938288936947, 28.093098932593065), (-16.705993331668182, 28.082644088869475), (-16.70091020315603, 28.0698565734511), (-16.685775742076455, 28.06752312605602), (-16.675720858795266, 28.077975731643622), (-16.680800276333496, 28.090764022434126), (-16.695938288936947, 28.093098932593065))]}",8834412491fffff,"{'type': 'Polygon', 'coordinates': [((-16.690871595331117, 28.085457787194674), (-16.695906955766965, 28.08280435472227), (-16.695891291928138, 28.077657227879037), (-16.69084085726714, 28.075163635275235), (-16.68580588526437, 28.07781685159929), (-16.685820959500305, 28.082963876652666), (-16.690871595331117, 28.085457787194674))]}",28.080310657172628,-16.690856225401117,28.08031065717263,-16.690856225401102,0,0,0,1,0,0,0
3,Monkey park,28.06086590625847,-16.692223468849075,Parques y ocio,87344c516ffffff,"{'type': 'Polygon', 'coordinates': [((-16.70091020315603, 28.0698565734511), (-16.71096220955892, 28.059401772934383), (-16.70587959714573, 28.046615764078368), (-16.69074868616262, 28.04428377896874), (-16.68069683830594, 28.054736340757763), (-16.685775742076455, 28.06752312605602), (-16.70091020315603, 28.0698565734511))]}",88344c5169fffff,"{'type': 'Polygon', 'coordinates': [((-16.690825490928905, 28.070016721582135), (-16.695859969741218, 28.067363298775263), (-16.69584431139248, 28.062216496674026), (-16.69079476363835, 28.059723219127466), (-16.68576067312386, 28.062376425725414), (-16.685775742076455, 28.06752312605602), (-16.690825490928905, 28.070016721582135))]}",28.05706980297941,-16.695828654873146,28.064869916173002,-16.690810126386076,0,0,0,1,0,0,0
4,Karting club tenerife,28.051765956445024,-16.651206660922448,Parques y ocio,87344c515ffffff,"{'type': 'Polygon', 'coordinates': [((-16.6555120411152, 28.06285175420386), (-16.665566761668394, 28.052401387103398), (-16.660492080766172, 28.039615336381118), (-16.645366389971183, 28.03727888057133), (-16.63531183541957, 28.047727008835377), (-16.640382804853907, 28.060513831416834), (-16.6555120411152, 28.06285175420386))]}",88344c5151fffff,"{'type': 'Polygon', 'coordinates': [((-16.65045142938134, 28.055211014544778), (-16.65548544372549, 28.052559291440005), (-16.655472147360758, 28.04741322282841), (-16.650425425677767, 28.04491897973363), (-16.64539180021822, 28.04757048700564), (-16.645404507567942, 28.052716453182363), (-16.65045142938134, 28.055211014544778))]}",28.05006494285089,-16.650438426770172,28.050064942850877,-16.650438426770172,0,0,0,1,0,0,0
5,Aqualand costa adeje,28.08029351012779,-16.727962503248953,Parques y ocio,87344124affffff,"{'type': 'Polygon', 'coordinates': [((-16.741362756645245, 28.100094689537784), (-16.751415070295117, 28.08963541262698), (-16.746324007039178, 28.076847951504472), (-16.73118433745175, 28.074518987008574), (-16.721132175783016, 28.084976025899863), (-16.7262195309082, 28.097764266979063), (-16.741362756645245, 28.100094689537784))]}",88344124a3fffff,"{'type': 'Polygon', 'coordinates': [((-16.731219793031904, 28.08481395050994), (-16.736254731140896, 28.082158827024575), (-16.736236708457554, 28.07701129473255), (-16.73118433745175, 28.074518987008574), (-16.72614978705164, 28.077173893909194), (-16.72616721995912, 28.082321325095688), (-16.731219793031904, 28.08481395050994))]}",28.087306467430064,-16.736272755930745,28.07966641468419,-16.731202064205906,0,0,0,1,0,0,0
6,Forestal park,28.414814345407645,-16.405483918585436,Parques y ocio,87344cd11ffffff,"{'type': 'Polygon', 'coordinates': [((-16.413590719932113, 28.42159164429386), (-16.423705115108813, 28.411156878301092), (-16.418650047065555, 28.39834627031575), (-16.40348434299808, 28.39596969003274), (-16.393370155316973, 28.406402226854567), (-16.398421463401455, 28.419213572798032), (-16.413590719932113, 28.42159164429386))]}",88344cd119fffff,"{'type': 'Polygon', 'coordinates': [((-16.403477207619833, 28.421723426540378), (-16.408534479314362, 28.419082113396207), (-16.408535610245806, 28.4139311582277), (-16.403480062273033, 28.41142162325934), (-16.398423187111455, 28.41406272470819), (-16.398421463401455, 28.419213572798032), (-16.403477207619833, 28.421723426540378))]}",28.408780305888293,-16.40853674104467,28.416572473506978,-16.403478635030105,0,0,0,1,0,0,0
7,Teide,28.224445182587623,-16.627127874408604,Atracciones naturales,87344cc94ffffff,"{'type': 'Polygon', 'coordinates': [((-16.640818246640787, 28.240694279444696), (-16.650894423732492, 28.23024148633925), (-16.645811927988543, 28.21744424188546), (-16.630656981932027, 28.215099024100066), (-16.620580973945486, 28.22554958288891), (-16.625659742098588, 28.238347593450786), (-16.640818246640787, 28.240694279444696))]}",88344cc94bfffff,"{'type': 'Polygon', 'coordinates': [((-16.62564816401211, 28.23319797612724), (-16.630692592871917, 28.230547237125858), (-16.630680721169323, 28.225397726905236), (-16.625625011904276, 28.222899058747018), (-16.620580973945486, 28.22554958288891), (-16.62059225436176, 28.2306989900257), (-16.62564816401211, 28.23319797612724))]}",28.227896285990987,-16.635736822611424,28.228048464532677,-16.62563658728075,1,0,0,0,0,0,0
8,Los gigantes,28.24775679652942,-16.84041903202168,Atracciones naturales,87344122affffff,"{'type': 'Polygon', 'coordinates': [((-16.848101882598584, 28.260591958336317), (-16.858164174319676, 28.25011915822264), (-16.853046114926784, 28.237323004290406), (-16.8378694765052, 28.23499886281795), (-16.827807319634022, 28.245469428859238), (-16.83292166551288, 28.258266370119518), (-16.848101882598584, 28.260591958336317))]}",88344122a1fffff,"{'type': 'Polygon', 'coordinates': [((-16.843009196483457, 28.2529472142709), (-16.848052658224095, 28.25028731977297), (-16.848028050360544, 28.24513515876904), (-16.842960573294583, 28.242642991663292), (-16.83791749874009, 28.245302669041678), (-16.837941514075823, 28.250454730622398), (-16.843009196483457, 28.2529472142709))]}",28.247795050175995,-16.842984883465363,28.247795050176002,-16.842984883465366,1,0,0,0,0,0,0
9,Parque rural anaga,28.53311828346754,-16.250387800197498,Atracciones naturales,87346a6f2ffffff,"{'type': 'Polygon', 'coordinates': [((-16.246530245458626, 28.53955545518326), (-16.256670916568485, 28.52913455740294), (-16.25163701290722, 28.516315241135644), (-16.23646621971678, 28.51391610476726), (-16.22632578439063, 28.524334776970186), (-16.231355905669435, 28.53715481078422), (-16.246530245458626, 28.53955545518326))]}",88346a6f2dfffff,"{'type': 'Polygon', 'coordinates': [((-16.246530245458626, 28.53955545518326), (-16.251595656545398, 28.53692090096271), (-16.251605997455876, 28.531769334541934), (-16.246551520892982, 28.529252432192855), (-16.241486510180472, 28.531886776909918), (-16.241475575668847, 28.53703823345695), (-16.246530245458626, 28.53955545518326))]}",28.526735421278765,-16.241497443408974,28.534403893248555,-16.246540883800012,1,0,0,0,0,0,0
10,Palmetum jardín botánico,28.45223868481913,-16.256290830220635,Atracciones naturales,87346a6d3ffffff,"{'type': 'Polygon', 'coordinates': [((-16.261842772917007, 28.469838919035837), (-16.271974239227962, 28.45941782006166), (-16.266941769261127, 28.44660282714102), (-16.251781607444045, 28.44420821203566), (-16.24165037400648, 28.454627083569928), (-16.24667906871202, 28.46744279731499), (-16.261842772917007, 28.469838919035837))]}",88346a6d31fffff,"{'type': 'Polygon', 'coordinates': [((-16.25680137492342, 28.46217335359515), (-16.26186223658814, 28.45953830544011), (-16.26187196671205, 28.45438815168113), (-16.256821427790054, 28.451873155658774), (-16.251760965613666, 28.454507993886416), (-16.251750642883145, 28.459658038041212), (-16.25680137492342, 28.46217335359515))]}",28.457023203582228,-16.25681140194458,28.457023203582228,-16.256811401944574,1,0,0,0,0,0,0
11,Barranco del infierno,28.12695435112433,-16.723876697971896,Atracciones naturales,873441241ffffff,"{'type': 'Polygon', 'coordinates': [((-16.7314327006796, 28.14659278711166), (-16.741491092228543, 28.136133430406186), (-16.7363989884729, 28.12334297074947), (-16.721252205153405, 28.12101108965112), (-16.71119396738682, 28.131468209521266), (-16.716282358344174, 28.14425944699746), (-16.7314327006796, 28.14659278711166))]}",8834412413fffff,"{'type': 'Polygon', 'coordinates': [((-16.72128651730517, 28.131307790901634), (-16.726324207858468, 28.12865306102891), (-16.726306756600287, 28.12350465974822), (-16.721252205153405, 28.12101108965112), (-16.716214902895487, 28.12366560322969), (-16.716231763799787, 28.128813903176656), (-16.72128651730517, 28.131307790901634))]}",28.13380156969908,-16.726341661157402,28.126159386563256,-16.721269360226266,1,0,0,0,0,0,0
12,Sendero el bosque encantado,28.55629664265511,-16.179700057199504,Atracciones naturales,87346a61bffffff,"{'type': 'Polygon', 'coordinates': [((-16.19077007355638, 28.578824429231712), (-16.200919483630805, 28.568408218875422), (-16.195892674620055, 28.55558603905959), (-16.180720244573386, 28.55317935854107), (-16.170571079746427, 28.563593344552974), (-16.17559409891843, 28.576416235092317), (-16.19077007355638, 28.578824429231712))]}",88346a61b3fffff,"{'type': 'Polygon', 'coordinates': [((-16.180691239083213, 28.563481851860004), (-16.185758577920737, 28.560850133459063), (-16.18577278386224, 28.555698831304472), (-16.180720244573386, 28.55317935854107), (-16.175653307487615, 28.55581086825947), (-16.175638507951412, 28.560962059401252), (-16.180691239083213, 28.563481851860004))]}",28.566001536051456,-16.18574437031169,28.55833055496321,-16.180705742679407,1,0,0,0,0,0,0
13,Masca,28.30536643891842,-16.84027810832332,Atracciones naturales,873441220ffffff,"{'type': 'Polygon', 'coordinates': [((-16.85851729055782, 28.322261848217693), (-16.868585814102754, 28.3117867684615), (-16.863462439656185, 28.29898699236323), (-16.84827425876019, 28.296661508729127), (-16.838205868525517, 28.307134355970366), (-16.843325525052744, 28.319934919034974), (-16.85851729055782, 28.322261848217693))]}",883441221dfffff,"{'type': 'Polygon', 'coordinates': [((-16.838205868525517, 28.307134355970366), (-16.843252483377224, 28.30447464461857), (-16.84322814185838, 28.299321429107696), (-16.83815777873482, 28.296828024498147), (-16.833111551632655, 28.299487518996116), (-16.833135299914943, 28.3046406349345), (-16.838205868525517, 28.307134355970366))]}",28.30946132145077,-16.853394977253885,28.301981137865333,-16.838181822221266,1,0,0,0,0,0,0
14,Cueva del viento,28.352089813622687,-16.70392373731244,Atracciones naturales,873441362ffffff,"{'type': 'Polygon', 'coordinates': [((-16.706906568402236, 28.371059065742628), (-16.71699255044875, 28.36059732961035), (-16.711891522899343, 28.34779287422739), (-16.69670824613072, 28.34544938469672), (-16.68662242272632, 28.355908889727914), (-16.69171971663009, 28.368714115062883), (-16.706906568402236, 28.371059065742628))]}",8834413627fffff,"{'type': 'Polygon', 'coordinates': [((-16.706857493019555, 28.355599900666864), (-16.711908173224078, 28.352945720596498), (-16.711891522899343, 28.34779287422739), (-16.70682478568523, 28.345294309767617), (-16.701774496018206, 28.347948274588138), (-16.70179055303864, 28.353101019095398), (-16.706857493019555, 28.355599900666864))]}",28.35825386749669,-16.701806611941485,28.350447053248644,-16.706841138393873,1,0,0,0,0,0,0
15,Punta de teno,28.343467207523727,-16.922763141948042,Atracciones naturales,873441234ffffff,"{'type': 'Polygon', 'coordinates': [((-16.924436150944377, 28.344355438317717), (-16.93450200079034, 28.333873682297106), (-16.929366405860947, 28.32107335513725), (-16.914168674954695, 28.31875399033889), (-16.90410294753204, 28.32923351436563), (-16.90923482776492, 28.342034634859925), (-16.924436150944377, 28.344355438317717))]}",883441234dfffff,"{'type': 'Polygon', 'coordinates': [((-16.924436150944377, 28.344355438317717), (-16.929484031452674, 28.34169208386019), (-16.92945461988268, 28.336537245254817), (-16.92437792192874, 28.334045859237055), (-16.919330427941258, 28.336708996065045), (-16.91935924539709, 28.34186373651731), (-16.924436150944377, 28.344355438317717))]}",28.33155435983647,-16.919301613864157,28.33920059668414,-16.92440703472962,1,0,0,0,0,0,0
16,Los roques de garcia,28.25454325584015,-16.625387518955293,Atracciones naturales,87344ccb2ffffff,"{'type': 'Polygon', 'coordinates': [((-16.635822029053298, 28.263945805805857), (-16.64590125468054, 28.2534930029406), (-16.640818246640787, 28.240694279444696), (-16.625659742098588, 28.238347593450786), (-16.615580686492812, 28.248798162599225), (-16.620659964595628, 28.26159765112935), (-16.635822029053298, 28.263945805805857))]}",88344ccb29fffff,"{'type': 'Polygon', 'coordinates': [((-16.625717652866218, 28.264097263204697), (-16.63076385227816, 28.261446516865718), (-16.630751972234155, 28.256296373211725), (-16.625694484491174, 28.253797078995756), (-16.620648676253552, 28.25644761059722), (-16.620659964595628, 28.26159765112935), (-16.625717652866218, 28.264097263204697))]}",28.25114633493004,-16.630740093580993,28.258947118435653,-16.625706068000532,1,0,0,0,0,0,0
17,Taganana,28.560463545148654,-16.218296807794133,Atracciones naturales,87346a6f4ffffff,"{'type': 'Polygon', 'coordinates': [((-16.21609641790286, 28.57081339215353), (-16.22624299606327, 28.56039487421875), (-16.221212399751135, 28.547573407992033), (-16.206039011778774, 28.54516974577585), (-16.195892674620055, 28.55558603905959), (-16.200919483630805, 28.568408218875422), (-16.21609641790286, 28.57081339215353))]}",88346a6f45fffff,"{'type': 'Polygon', 'coordinates': [((-16.221176017973672, 28.56302832519681), (-16.22624299606327, 28.56039487421875), (-16.226254827131914, 28.555243129719404), (-16.22120027391542, 28.55272494650566), (-16.216133696861124, 28.5553581883535), (-16.216121272000365, 28.560509822522704), (-16.221176017973672, 28.56302832519681))]}",28.557991211242346,-16.211066925717073,28.55787658560071,-16.221188146656356,1,0,0,0,0,0,0
18,Drago milenario,28.366614204265233,-16.72228381858671,Atracciones naturales,873441375ffffff,"{'type': 'Polygon', 'coordinates': [((-16.72719938020515, 28.38620838254524), (-16.7372855175788, 28.375744415669914), (-16.732180236416482, 28.362939275226648), (-16.71699255044875, 28.36059732961035), (-16.706906568402236, 28.371059065742628), (-16.71200811617663, 28.38386497790658), (-16.72719938020515, 28.38620838254524))]}",8834413757fffff,"{'type': 'Polygon', 'coordinates': [((-16.72714672517175, 28.37074767458095), (-16.73219807975536, 28.368092636300542), (-16.732180236416482, 28.362939275226648), (-16.7271116321051, 28.360441053946797), (-16.722060667829645, 28.36309587681884), (-16.722077917568196, 28.36824913635619), (-16.72714672517175, 28.37074767458095))]}",28.37340249955911,-16.72209516932942,28.365594312409502,-16.72712917760977,1,0,0,0,0,0,0
19,Playa del duque,28.091431322848276,-16.74394741513897,Playas destacadas,87344124affffff,"{'type': 'Polygon', 'coordinates': [((-16.741362756645245, 28.100094689537784), (-16.751415070295117, 28.08963541262698), (-16.746324007039178, 28.076847951504472), (-16.73118433745175, 28.074518987008574), (-16.721132175783016, 28.084976025899863), (-16.7262195309082, 28.097764266979063), (-16.741362756645245, 28.100094689537784))]}",88344124adfffff,"{'type': 'Polygon', 'coordinates': [((-16.741362756645245, 28.100094689537784), (-16.746398470102346, 28.097439132810056), (-16.746379851072565, 28.092291175463384), (-16.74132610862214, 28.08979887577492), (-16.73629078282747, 28.092454215869324), (-16.736308811831446, 28.097602072262628), (-16.741362756645245, 28.100094689537784))]}",28.087306467430064,-16.736272755930745,28.094946728697664,-16.741344431562727,0,0,0,0,1,0,0
20,Playa de las teresitas,28.509911212453254,-16.1848039665359,Playas destacadas,87346a6c4ffffff,"{'type': 'Polygon', 'coordinates': [((-16.180821710194067, 28.51712380362368), (-16.19096473279677, 28.506709657284162), (-16.185943125198005, 28.493891068832646), (-16.170782279433777, 28.491485915239185), (-16.160639503381123, 28.501897835668704), (-16.16565732574457, 28.514717135266068), (-16.180821710194067, 28.51712380362368))]}",88346a6c4dfffff,"{'type': 'Polygon', 'coordinates': [((-16.180821710194067, 28.51712380362368), (-16.185886371397604, 28.514492039467665), (-16.18590056234434, 28.509341644867504), (-16.180850685068457, 28.506823125353808), (-16.1757864251901, 28.509454680639124), (-16.175771641274896, 28.514604964286267), (-16.180821710194067, 28.51712380362368))]}",28.50430449822608,-16.175801207371165,28.511973413890093,-16.18083619848103,0,0,0,0,1,0,0
21,Playa de las vistas,28.052740939799794,-16.72440898419484,Playas destacadas,87344c5a5ffffff,"{'type': 'Polygon', 'coordinates': [((-16.72609750055084, 28.061732249789266), (-16.7361466266255, 28.0512752577632), (-16.73106030815362, 28.03849002817517), (-16.715928568855137, 28.036161011017512), (-16.70587959714573, 28.046615764078368), (-16.71096220955892, 28.059401772934383), (-16.72609750055084, 28.061732249789266))]}",88344c5a5dfffff,"{'type': 'Polygon', 'coordinates': [((-16.72609750055084, 28.061732249789266), (-16.731131169616674, 28.059077353679335), (-16.73111345114624, 28.053930359401), (-16.72606265306478, 28.051438362372195), (-16.721029371596078, 28.054093041861204), (-16.72104650062238, 28.059239934977082), (-16.72609750055084, 28.061732249789266))]}",28.048946257287387,-16.72101224457091,28.05658525182801,-16.72608007578993,0,0,0,0,1,0,0
22,Playa el medano,28.04038350500646,-16.54264026092277,Playas destacadas,87344c528ffffff,"{'type': 'Polygon', 'coordinates': [((-16.53958114263464, 28.05689431738796), (-16.5496441001799, 28.04645503134086), (-16.544589002905244, 28.03366816656205), (-16.529474666903372, 28.031319827639216), (-16.519411894422134, 28.041756874914498), (-16.524463272076687, 28.054544499553938), (-16.53958114263464, 28.05689431738796))]}",88344c5285fffff,"{'type': 'Polygon', 'coordinates': [((-16.544609457019934, 28.049102312275803), (-16.5496441001799, 28.04645503134086), (-16.549636987515093, 28.041310209665856), (-16.54459582014732, 28.038812773119833), (-16.539561567691674, 28.041459839340668), (-16.539568091910667, 28.046604556798897), (-16.544609457019934, 28.049102312275803))]}",28.044106695256907,-16.534527118380062,28.043957488384258,-16.5446026381855,0,0,0,0,1,0,0
23,Playa de Troya,28.068391557350207,-16.73286541245233,Playas destacadas,87344c5a4ffffff,"{'type': 'Polygon', 'coordinates': [((-16.746324007039178, 28.076847951504472), (-16.756373284196336, 28.06638872086829), (-16.751282741495515, 28.053602764673748), (-16.7361466266255, 28.0512752577632), (-16.72609750055084, 28.061732249789266), (-16.73118433745175, 28.074518987008574), (-16.746324007039178, 28.076847951504472))]}",88344c5a4bfffff,"{'type': 'Polygon', 'coordinates': [((-16.731166612769062, 28.069371667562784), (-16.73620066940891, 28.06671655480766), (-16.736182653042864, 28.061569347334128), (-16.731131169616674, 28.059077353679335), (-16.72609750055084, 28.061732249789266), (-16.726114927347854, 28.06687935617632), (-16.731166612769062, 28.069371667562784))]}",28.06406123271131,-16.741234526035043,28.064224456426487,-16.7311488901575,0,0,0,0,1,0,0
24,Lago martianez,28.42028619731118,-16.542940145566995,Playas destacadas,87344cdb5ffffff,"{'type': 'Polygon', 'coordinates': [((-16.550194281048185, 28.442926332768113), (-16.560300657664726, 28.432478090908276), (-16.55522156495662, 28.41966760810706), (-16.540039846417688, 28.417304615022015), (-16.529933654737786, 28.427750627913404), (-16.535008995846997, 28.440561862527986), (-16.550194281048185, 28.442926332768113))]}",88344cdb53fffff,"{'type': 'Polygon', 'coordinates': [((-16.54005300757757, 28.42760958667573), (-16.5451093920587, 28.42496247564743), (-16.54510251471926, 28.419809937443464), (-16.540039846417688, 28.417304615022015), (-16.5349838560971, 28.419951512891675), (-16.534990139928897, 28.42510394631863), (-16.54005300757757, 28.42760958667573))]}",28.430115116565958,-16.545116270204804,28.422457049473095,-16.54004642661175,0,0,0,0,1,0,0
25,Playa de la tejita,28.031978257792503,-16.556628624514396,Playas destacadas,87344c52affffff,"{'type': 'Polygon', 'coordinates': [((-16.564762838023317, 28.048801882326316), (-16.5748229416106, 28.038360391867013), (-16.569764127270318, 28.025574289779705), (-16.554648925605388, 28.02322891513007), (-16.544589002905244, 28.03366816656205), (-16.5496441001799, 28.04645503134086), (-16.564762838023317, 28.048801882326316))]}",88344c52a3fffff,"{'type': 'Polygon', 'coordinates': [((-16.554663734226, 28.033518010030974), (-16.559697395716725, 28.030870313296266), (-16.559689697258573, 28.02572571384397), (-16.554648925605388, 28.02322891513007), (-16.549615654503317, 28.025876396980088), (-16.549622764676943, 28.031020892405962), (-16.554663734226, 28.033518010030974))]}",28.036015021584404,-16.559705095073838,28.028373408144375,-16.55465632948343,0,0,0,0,1,0,0
26,Playa de benijo,28.572183078863546,-16.192572027270366,Playas destacadas,87346a61bffffff,"{'type': 'Polygon', 'coordinates': [((-16.19077007355638, 28.578824429231712), (-16.200919483630805, 28.568408218875422), (-16.195892674620055, 28.55558603905959), (-16.180720244573386, 28.55317935854107), (-16.170571079746427, 28.563593344552974), (-16.17559409891843, 28.576416235092317), (-16.19077007355638, 28.578824429231712))]}",88346a61bdfffff,"{'type': 'Polygon', 'coordinates': [((-16.19077007355638, 28.578824429231712), (-16.19583821584234, 28.576192293391813), (-16.195851832934185, 28.57104057930285), (-16.190797901605713, 28.568521111893222), (-16.18573016103478, 28.571153039001327), (-16.185715950089737, 28.576304642228276), (-16.19077007355638, 28.578824429231712))]}",28.566001536051456,-16.18574437031169,28.573672720442357,-16.19078398839777,0,0,0,0,1,0,0
27,La milla de oro,28.055725450752945,-16.734153916740453,Zonas comerciales,87344c5a4ffffff,"{'type': 'Polygon', 'coordinates': [((-16.746324007039178, 28.076847951504472), (-16.756373284196336, 28.06638872086829), (-16.751282741495515, 28.053602764673748), (-16.7361466266255, 28.0512752577632), (-16.72609750055084, 28.061732249789266), (-16.73118433745175, 28.074518987008574), (-16.746324007039178, 28.076847951504472))]}",88344c5a43fffff,"{'type': 'Polygon', 'coordinates': [((-16.736182653042864, 28.061569347334128), (-16.741216215938177, 28.05891402896642), (-16.741197907980606, 28.053766933696696), (-16.7361466266255, 28.0512752577632), (-16.73111345114624, 28.053930359401), (-16.731131169616674, 28.059077353679335), (-16.736182653042864, 28.061569347334128))]}",28.06406123271131,-16.741234526035043,28.056422248292755,-16.736164638781858,0,0,0,0,0,0,1
28,Centro comercial la villa,28.395716234472243,-16.54741087440404,Zonas comerciales,87344cdb1ffffff,"{'type': 'Polygon', 'coordinates': [((-16.55522156495662, 28.41966760810706), (-16.565324880055474, 28.409219338817636), (-16.560246293423685, 28.396410306350635), (-16.545068140116985, 28.39404878995081), (-16.534965009022596, 28.404494829662983), (-16.540039846417688, 28.417304615022015), (-16.55522156495662, 28.41966760810706))]}",88344cdb13fffff,"{'type': 'Polygon', 'coordinates': [((-16.545081887539475, 28.404352939921452), (-16.550136888162385, 28.401705610228166), (-16.55012971783686, 28.39655348292274), (-16.545068140116985, 28.39404878995081), (-16.54001353335653, 28.396695906338117), (-16.540020110464834, 28.40184792898055), (-16.545081887539475, 28.404352939921452))]}",28.406857840612407,-16.550144059328723,28.39920081337824,-16.545075013425254,0,0,0,0,0,0,1
29,Centro comercial meridiano,28.45694457369521,-16.2586391749638,Zonas comerciales,87346a6d3ffffff,"{'type': 'Polygon', 'coordinates': [((-16.261842772917007, 28.469838919035837), (-16.271974239227962, 28.45941782006166), (-16.266941769261127, 28.44660282714102), (-16.251781607444045, 28.44420821203566), (-16.24165037400648, 28.454627083569928), (-16.24667906871202, 28.46744279731499), (-16.261842772917007, 28.469838919035837))]}",88346a6d31fffff,"{'type': 'Polygon', 'coordinates': [((-16.25680137492342, 28.46217335359515), (-16.26186223658814, 28.45953830544011), (-16.26187196671205, 28.45438815168113), (-16.256821427790054, 28.451873155658774), (-16.251760965613666, 28.454507993886416), (-16.251750642883145, 28.459658038041212), (-16.25680137492342, 28.46217335359515))]}",28.457023203582228,-16.25681140194458,28.457023203582228,-16.256811401944574,0,0,0,0,0,0,1
30,Siam mall,28.069587850158406,-16.72210106092201,Zonas comerciales,87344124bffffff,"{'type': 'Polygon', 'coordinates': [((-16.721132175783016, 28.084976025899863), (-16.73118433745175, 28.074518987008574), (-16.72609750055084, 28.061732249789266), (-16.71096220955892, 28.059401772934383), (-16.70091020315603, 28.0698565734511), (-16.705993331668182, 28.082644088869475), (-16.721132175783016, 28.084976025899863))]}",88344124b5fffff,"{'type': 'Polygon', 'coordinates': [((-16.72614978705164, 28.077173893909194), (-16.73118433745175, 28.074518987008574), (-16.731166612769062, 28.069371667562784), (-16.726114927347854, 28.06687935617632), (-16.721080764679755, 28.069534046516477), (-16.72109789971153, 28.074681264780704), (-16.72614978705164, 28.077173893909194))]}",28.0721885273798,-16.716046402219025,28.072026570909518,-16.726132356181335,0,0,0,0,0,0,1
31,Centro comercial parque santiago,628.058616054029,-16.720738703249484,Zonas comerciales,87f294a33ffffff,"{'type': 'Polygon', 'coordinates': [((162.86204899330096, -88.04135276035733), (162.70362316110928, -88.05314724475068), (162.93423333955428, -88.06330917127003), (163.32455284003913, -88.0616004271188), (163.47987839363824, -88.04974699843048), (163.24801725559968, -88.0396611034393), (162.86204899330096, -88.04135276035733))]}",88f294a333fffff,"{'type': 'Polygon', 'coordinates': [((163.23608812380095, -88.0524461913761), (163.1358473986381, -88.05607306538803), (163.1798184337282, -88.06065341384574), (163.32455284003913, -88.0616004271188), (163.4247268239326, -88.05796216020337), (163.38023467267845, -88.05338828769764), (163.23608812380095, -88.0524461913761))]}",-88.05149181264359,163.09208526825816,-88.05702377075092,163.2802151915328,0,0,0,0,0,0,1
32,Alcampo la laguna,28.462931866487924,-16.306289503238585,Zonas comerciales,87344cd21ffffff,"{'type': 'Polygon', 'coordinates': [((-16.30734473378442, 28.477018252294698), (-16.317473589139407, 28.46659263965709), (-16.312433093394816, 28.45377764986052), (-16.297267514037777, 28.451387546917235), (-16.287138884056315, 28.461810932143358), (-16.292175607255466, 28.474626647390437), (-16.30734473378442, 28.477018252294698))]}",88344cd211fffff,"{'type': 'Polygon', 'coordinates': [((-16.302297973688486, 28.46935333351006), (-16.30735886434515, 28.4667163505705), (-16.307365928382637, 28.461565552611212), (-16.30231269470402, 28.45905184641486), (-16.297252202799378, 28.461688618956718), (-16.297244545833404, 28.466839308070004), (-16.302297973688486, 28.46935333351006))]}",28.464202538963054,-16.302305334627864,28.464202538963058,-16.302305334627864,0,0,0,0,0,0,1
33,Centro comercial del duque,28.091040402502376,-16.73914753690647,Zonas comerciales,87344124affffff,"{'type': 'Polygon', 'coordinates': [((-16.741362756645245, 28.100094689537784), (-16.751415070295117, 28.08963541262698), (-16.746324007039178, 28.076847951504472), (-16.73118433745175, 28.074518987008574), (-16.721132175783016, 28.084976025899863), (-16.7262195309082, 28.097764266979063), (-16.741362756645245, 28.100094689537784))]}",88344124adfffff,"{'type': 'Polygon', 'coordinates': [((-16.741362756645245, 28.100094689537784), (-16.746398470102346, 28.097439132810056), (-16.746379851072565, 28.092291175463384), (-16.74132610862214, 28.08979887577492), (-16.73629078282747, 28.092454215869324), (-16.736308811831446, 28.097602072262628), (-16.741362756645245, 28.100094689537784))]}",28.087306467430064,-16.736272755930745,28.094946728697664,-16.741344431562727,0,0,0,0,0,0,1
34,El corte inglés,28.460271828636238,-16.25466088189333,Zonas comerciales,87346a6d3ffffff,"{'type': 'Polygon', 'coordinates': [((-16.261842772917007, 28.469838919035837), (-16.271974239227962, 28.45941782006166), (-16.266941769261127, 28.44660282714102), (-16.251781607444045, 28.44420821203566), (-16.24165037400648, 28.454627083569928), (-16.24667906871202, 28.46744279731499), (-16.261842772917007, 28.469838919035837))]}",88346a6d31fffff,"{'type': 'Polygon', 'coordinates': [((-16.25680137492342, 28.46217335359515), (-16.26186223658814, 28.45953830544011), (-16.26187196671205, 28.45438815168113), (-16.256821427790054, 28.451873155658774), (-16.251760965613666, 28.454507993886416), (-16.251750642883145, 28.459658038041212), (-16.25680137492342, 28.46217335359515))]}",28.457023203582228,-16.25681140194458,28.457023203582228,-16.256811401944574,0,0,0,0,0,0,1
35,abama golf,28.17090978816049,-16.792630560919214,Golf,873441273ffffff,"{'type': 'Polygon', 'coordinates': [((-16.792200616377187, 28.19196164334497), (-16.802259449497967, 28.181495578282192), (-16.797154642697148, 28.168702989978797), (-16.781994713962494, 28.166375683309216), (-16.771936024732096, 28.176839512612922), (-16.77703711952877, 28.189632884018568), (-16.792200616377187, 28.19196164334497))]}",8834412737fffff,"{'type': 'Polygon', 'coordinates': [((-16.792136661579885, 28.17651078422177), (-16.797176250370804, 28.17385305982458), (-16.797154642697148, 28.168702989978797), (-16.792094037519337, 28.166210744697477), (-16.787054836155413, 28.168868252218346), (-16.787075852552825, 28.174018221873943), (-16.792136661579885, 28.17651078422177))]}",28.17916829823793,-16.787096871409457,28.1713607110839,-16.792115348302808,0,0,1,0,0,0,0
36,amarilla golf,28.022406510258303,-16.618270412624973,Golf,87344c503ffffff,"{'type': 'Polygon', 'coordinates': [((-16.61512024122309, 28.03260150409473), (-16.62517462650387, 28.022155615014473), (-16.62010838571066, 28.009371046797764), (-16.604991470777353, 28.007031598982444), (-16.594937258032278, 28.017475248533465), (-16.59999978687999, 28.030260585099665), (-16.61512024122309, 28.03260150409473))]}",88344c5035fffff,"{'type': 'Polygon', 'coordinates': [((-16.62014206514875, 28.02480605283973), (-16.62517462650387, 28.022155615014473), (-16.625163105128436, 28.0170105070142), (-16.62011961087925, 28.01451593972436), (-16.615087438677726, 28.017166161923253), (-16.615098371582768, 28.02231116701557), (-16.62014206514875, 28.02480605283973))]}",28.019816174621166,-16.61005506855958,28.019660941764855,-16.620130837358538,0,0,1,0,0,0,0
37,buenavista golf,28.372045802813258,-16.86356237440467,Golf,87344131dffffff,"{'type': 'Polygon', 'coordinates': [((-16.868947742931642, 28.383948404724197), (-16.879022505145358, 28.373471065139515), (-16.873893805964986, 28.360667697492506), (-16.858694066076264, 28.35834088249724), (-16.848619435626023, 28.36881599112992), (-16.853744412475006, 28.381620145384343), (-16.868947742931642, 28.383948404724197))]}",88344131d1fffff,"{'type': 'Polygon', 'coordinates': [((-16.86384567583149, 28.376299162788982), (-16.86889600242663, 28.373638352746198), (-16.86887013672538, 28.368483482165235), (-16.863794538721713, 28.365989520826503), (-16.858744600023474, 28.368650114014308), (-16.858769871442398, 28.373804885372824), (-16.86384567583149, 28.376299162788982))]}",28.371144289973074,-16.863820105777172,28.371144289973074,-16.863820105777172,0,0,1,0,0,0,0
38,golf los palos,28.038676639470207,-16.680584574413654,Golf,87344c510ffffff,"{'type': 'Polygon', 'coordinates': [((-16.68069683830594, 28.054736340757763), (-16.69074868616262, 28.04428377896874), (-16.685670296367917, 28.031498502932674), (-16.670543766800645, 28.029165013671008), (-16.660492080766172, 28.039615336381118), (-16.665566761668394, 28.052401387103398), (-16.68069683830594, 28.054736340757763))]}",88344c5107fffff,"{'type': 'Polygon', 'coordinates': [((-16.680652533612747, 28.039297531907255), (-16.685685354762157, 28.03664455166787), (-16.685670296367917, 28.031498502932674), (-16.68062300577459, 28.029005536316987), (-16.67559057283325, 28.031658300335444), (-16.675605042287966, 28.03680424716769), (-16.680652533612747, 28.039297531907255))]}",28.04195030279172,-16.67561951343281,28.034151479694728,-16.680637768831474,0,0,1,0,0,0,0
39,golf costa adeje,28.11358603462249,-16.748323403248023,Golf,873441243ffffff,"{'type': 'Polygon', 'coordinates': [((-16.756642258780563, 28.138463790808192), (-16.766697760150723, 28.128002234802764), (-16.761601946192883, 28.115212555793597), (-16.74645434025297, 28.112883651815057), (-16.7363989884729, 28.12334297074947), (-16.741491092228543, 28.136133430406186), (-16.756642258780563, 28.138463790808192))]}",88344125d9fffff,"{'type': 'Polygon', 'coordinates': [((-16.751509657175184, 28.11537626000307), (-16.756546145887185, 28.112720269935846), (-16.75652693005058, 28.107571888385387), (-16.751471815788385, 28.105079597680305), (-16.746435714692165, 28.10773537106564), (-16.74645434025297, 28.112883651815057), (-16.751509657175184, 28.11537626000307))]}",28.125673352744553,-16.75154750741196,28.11022787499947,-16.75149073537574,0,0,1,0,0,0,0
40,golf del sur,28.032065604004647,-16.607521522105273,Golf,87344c500ffffff,"{'type': 'Polygon', 'coordinates': [((-16.610129569810518, 28.05583351630044), (-16.62018698942351, 28.045387585892602), (-16.61512024122309, 28.03260150409473), (-16.59999978687999, 28.030260585099665), (-16.589942540715594, 28.04070427657122), (-16.595005574640467, 28.053491125644655), (-16.610129569810518, 28.05583351630044))]}",88344c5007fffff,"{'type': 'Polygon', 'coordinates': [((-16.610097633245005, 28.040396860306263), (-16.615131177958816, 28.03774683592254), (-16.61512024122309, 28.03260150409473), (-16.610076348417028, 28.03010629972614), (-16.605043193172396, 28.032756108653597), (-16.605053541275645, 28.037901337383147), (-16.610097633245005, 28.040396860306263))]}",28.04304667485891,-16.605063890587466,28.035251525621568,-16.610086990209588,0,0,1,0,0,0,0
41,golf las americas,28.062512599640577,-16.718480622156005,Golf,87344124bffffff,"{'type': 'Polygon', 'coordinates': [((-16.721132175783016, 28.084976025899863), (-16.73118433745175, 28.074518987008574), (-16.72609750055084, 28.061732249789266), (-16.71096220955892, 28.059401772934383), (-16.70091020315603, 28.0698565734511), (-16.705993331668182, 28.082644088869475), (-16.721132175783016, 28.084976025899863))]}",88344124b7fffff,"{'type': 'Polygon', 'coordinates': [((-16.721080764679755, 28.069534046516477), (-16.726114927347854, 28.06687935617632), (-16.72609750055084, 28.061732249789266), (-16.72104650062238, 28.059239934977082), (-16.71601272570938, 28.061894408781043), (-16.71602956298043, 28.067041413910538), (-16.721080764679755, 28.069534046516477))]}",28.0721885273798,-16.716046402219025,28.064386936555387,-16.721063631650154,0,0,1,0,0,0,0
42,real club de golf tenerife,28.487153159778877,-16.379334357365824,Golf,87344cd35ffffff,"{'type': 'Polygon', 'coordinates': [((-16.373090944113635, 28.499385999786202), (-16.383217387805978, 28.48895364954864), (-16.37816461047089, 28.476137963923264), (-16.362989158260277, 28.473753896357053), (-16.352862929152664, 28.484184019550707), (-16.357911936864376, 28.4970004370216), (-16.373090944113635, 28.499385999786202))]}",88344cd355fffff,"{'type': 'Polygon', 'coordinates': [((-16.378155869777093, 28.491593851780156), (-16.383217387805978, 28.48895364954864), (-16.383220004735687, 28.483801582274417), (-16.378161697248114, 28.481289824802356), (-16.37310057683219, 28.483929815894957), (-16.37309736630274, 28.489081775575837), (-16.378155869777093, 28.491593851780156))]}",28.486569589941485,-16.36803926017819,28.48644178744808,-16.37815878368353,0,0,1,0,0,0,0
43,Puerto los cris,28.049311857310403,-16.718642274413405,Transporte,87344c5a5ffffff,"{'type': 'Polygon', 'coordinates': [((-16.72609750055084, 28.061732249789266), (-16.7361466266255, 28.0512752577632), (-16.73106030815362, 28.03849002817517), (-16.715928568855137, 28.036161011017512), (-16.70587959714573, 28.046615764078368), (-16.71096220955892, 28.059401772934383), (-16.72609750055084, 28.061732249789266))]}",88344c5a51fffff,"{'type': 'Polygon', 'coordinates': [((-16.721029371596078, 28.054093041861204), (-16.72606265306478, 28.051438362372195), (-16.726045232375014, 28.046291581501457), (-16.720995119546497, 28.043799581335286), (-16.715962225698014, 28.046454044227634), (-16.715979057068516, 28.051600723859963), (-16.721029371596078, 28.054093041861204))]}",28.048946257287387,-16.72101224457091,28.048946257287398,-16.7210122445709,0,0,0,0,0,1,0
44,Puerto S/C,28.468729339782932,-16.244792925337396,Transporte,87346a6d1ffffff,"{'type': 'Polygon', 'coordinates': [((-16.236544769625063, 28.47786160667978), (-16.24667906871202, 28.46744279731499), (-16.24165037400648, 28.454627083569928), (-16.22649115721257, 28.45222946089017), (-16.21635709523106, 28.46264604311422), (-16.221382012138402, 28.47546247482395), (-16.236544769625063, 28.47786160667978))]}",88346a6d03fffff,"{'type': 'Polygon', 'coordinates': [((-16.246657823208064, 28.47774338764763), (-16.2517196674277, 28.475108782461096), (-16.25172999379037, 28.469958432408752), (-16.24667906871202, 28.46744279731499), (-16.24161762430093, 28.470077192748104), (-16.241606705171883, 28.47522743300581), (-16.246657823208064, 28.47774338764763))]}",28.46504517171905,-16.231517175550486,28.4725930415602,-16.24666844658293,0,0,0,0,0,1,0
45,Aeropuerto norte,28.485232360031702,-16.343281687966545,Transporte,87344cd26ffffff,"{'type': 'Polygon', 'coordinates': [((-16.347782640585685, 28.507430503500995), (-16.357911936864376, 28.4970004370216), (-16.352862929152664, 28.484184019550707), (-16.337688396539612, 28.481796939237817), (-16.327559319084052, 28.492224778960466), (-16.332604554612814, 28.5050419254195), (-16.347782640585685, 28.507430503500995))]}",88344cd267fffff,"{'type': 'Polygon', 'coordinates': [((-16.34779672768052, 28.491974671984085), (-16.352858531566106, 28.489335763531766), (-16.352862929152664, 28.484184019550707), (-16.34780611632275, 28.481671292105684), (-16.342744710590882, 28.48430998975269), (-16.34273971954716, 28.48946162562735), (-16.34779672768052, 28.491974671984085))]}",28.494613363125588,-16.342734727917865,28.4868229312114,-16.347801422277005,0,0,0,0,0,1,0
46,Aeropuerto sur,28.047389180945846,-16.57240362852219,Transporte,87344c505ffffff,"{'type': 'Polygon', 'coordinates': [((-16.584945293426053, 28.063934854789732), (-16.595005574640467, 28.053491125644655), (-16.589942540715594, 28.04070427657122), (-16.5748229416106, 28.038360391867013), (-16.564762838023317, 28.048801882326316), (-16.569822155109577, 28.061589495845755), (-16.584945293426053, 28.063934854789732))]}",88344c5053fffff,"{'type': 'Polygon', 'coordinates': [((-16.5748401095616, 28.048650554789152), (-16.579874450802485, 28.046002005461084), (-16.57986557253136, 28.040856872158773), (-16.5748229416106, 28.038360391867013), (-16.569788990535823, 28.04100872615228), (-16.56979728022681, 28.046153755749366), (-16.5748401095616, 28.048650554789152))]}",28.051147247373873,-16.579883330110555,28.043505419004603,-16.57483152508486,0,0,0,0,0,1,0
47,Mercado de áfrica,28.463369446404663,-16.251903260911323,Cultural,87346a6d3ffffff,"{'type': 'Polygon', 'coordinates': [((-16.261842772917007, 28.469838919035837), (-16.271974239227962, 28.45941782006166), (-16.266941769261127, 28.44660282714102), (-16.251781607444045, 28.44420821203566), (-16.24165037400648, 28.454627083569928), (-16.24667906871202, 28.46744279731499), (-16.261842772917007, 28.469838919035837))]}",88346a6d39fffff,"{'type': 'Polygon', 'coordinates': [((-16.25172999379037, 28.469958432408752), (-16.256791346726395, 28.46732360561732), (-16.25680137492342, 28.46217335359515), (-16.251750642883145, 28.459658038041212), (-16.246689689595545, 28.46229265499222), (-16.24667906871202, 28.46744279731499), (-16.25172999379037, 28.469958432408752))]}",28.457023203582228,-16.25681140194458,28.46480818424206,-16.251740318942122,0,1,0,0,0,0,0
48,Auditorio,28.456314882507353,-16.25138629625223,Cultural,87346a6d3ffffff,"{'type': 'Polygon', 'coordinates': [((-16.261842772917007, 28.469838919035837), (-16.271974239227962, 28.45941782006166), (-16.266941769261127, 28.44660282714102), (-16.251781607444045, 28.44420821203566), (-16.24165037400648, 28.454627083569928), (-16.24667906871202, 28.46744279731499), (-16.261842772917007, 28.469838919035837))]}",88346a6d3bfffff,"{'type': 'Polygon', 'coordinates': [((-16.246689689595545, 28.46229265499222), (-16.251750642883145, 28.459658038041212), (-16.251760965613666, 28.454507993886416), (-16.246710927626776, 28.45199267643478), (-16.24165037400648, 28.454627083569928), (-16.241639458718005, 28.45977701794997), (-16.246689689595545, 28.46229265499222))]}",28.457023203582228,-16.25681140194458,28.45714261467209,-16.246700309233717,0,1,0,0,0,0,0
49,Finca canarias aloe vera,28.312650718677133,-16.397508418588195,Cultural,87344cc35ffffff,"{'type': 'Polygon', 'coordinates': [((-16.4085525583209, 28.336679215071115), (-16.41865757128446, 28.326246583151228), (-16.41360822545128, 28.31344107661988), (-16.39845761892446, 28.311067462228422), (-16.388352813888304, 28.321497862810418), (-16.393398406647826, 28.33430410878939), (-16.4085525583209, 28.336679215071115))]}",88344cc353fffff,"{'type': 'Polygon', 'coordinates': [((-16.398454179372294, 28.321365119405346), (-16.403505724064217, 28.318723986522453), (-16.403507148133283, 28.313575104426874), (-16.39845761892446, 28.311067462228422), (-16.393406469949753, 28.3137083830694), (-16.39340445447837, 28.318857158128072), (-16.398454179372294, 28.321365119405346))]}",28.323872972925486,-16.403504299828374,28.316216238644802,-16.398455899249075,0,1,0,0,0,0,0
50,Centro histórico la laguna,28.487634467295354,-16.315894845272627,Cultural,87344cd20ffffff,"{'type': 'Polygon', 'coordinates': [((-16.327559319084052, 28.492224778960466), (-16.337688396539612, 28.481796939237817), (-16.332643645786288, 28.468981233362342), (-16.317473589139407, 28.46659263965709), (-16.30734473378442, 28.477018252294698), (-16.31238571217149, 28.489834685389063), (-16.327559319084052, 28.492224778960466))]}",88344cd209fffff,"{'type': 'Polygon', 'coordinates': [((-16.317441222447137, 28.4923487007521), (-16.322503309243075, 28.48971108647207), (-16.32250948705775, 28.48455966732305), (-16.317454171402126, 28.482045971050578), (-16.31239248329976, 28.484683374859223), (-16.31238571217149, 28.489834685389063), (-16.317441222447137, 28.4923487007521))]}",28.479408349864904,-16.322515664147765,28.487197285077585,-16.3174476973044,0,1,0,0,0,0,0
51,Museo naturaleza y arqueología,28.46399873343585,-16.2494957320749,Cultural,87346a6d3ffffff,"{'type': 'Polygon', 'coordinates': [((-16.261842772917007, 28.469838919035837), (-16.271974239227962, 28.45941782006166), (-16.266941769261127, 28.44660282714102), (-16.251781607444045, 28.44420821203566), (-16.24165037400648, 28.454627083569928), (-16.24667906871202, 28.46744279731499), (-16.261842772917007, 28.469838919035837))]}",88346a6d39fffff,"{'type': 'Polygon', 'coordinates': [((-16.25172999379037, 28.469958432408752), (-16.256791346726395, 28.46732360561732), (-16.25680137492342, 28.46217335359515), (-16.251750642883145, 28.459658038041212), (-16.246689689595545, 28.46229265499222), (-16.24667906871202, 28.46744279731499), (-16.25172999379037, 28.469958432408752))]}",28.457023203582228,-16.25681140194458,28.46480818424206,-16.251740318942122,0,1,0,0,0,0,0
52,Museo ciencia y cosmos,28.475884484570656,-16.308930418583778,Cultural,87344cd20ffffff,"{'type': 'Polygon', 'coordinates': [((-16.327559319084052, 28.492224778960466), (-16.337688396539612, 28.481796939237817), (-16.332643645786288, 28.468981233362342), (-16.317473589139407, 28.46659263965709), (-16.30734473378442, 28.477018252294698), (-16.31238571217149, 28.489834685389063), (-16.327559319084052, 28.492224778960466))]}",88344cd21dfffff,"{'type': 'Polygon', 'coordinates': [((-16.30734473378442, 28.477018252294698), (-16.31240602317367, 28.474381058932863), (-16.312412791919577, 28.46923005369688), (-16.30735886434515, 28.4667163505705), (-16.302297973688486, 28.46935333351006), (-16.302290611885727, 28.474504229975626), (-16.30734473378442, 28.477018252294698))]}",28.479408349864904,-16.322515664147765,28.47186725049173,-16.30735179947912,0,1,0,0,0,0,0
53,Museo histórico militar de canarias,28.4753899824871,-16.247763003238216,Cultural,87346a6d0ffffff,"{'type': 'Polygon', 'coordinates': [((-16.256741188095898, 28.49307639305971), (-16.26687572102497, 28.48265535687485), (-16.261842772917007, 28.469838919035837), (-16.24667906871202, 28.46744279731499), (-16.236544769625063, 28.47786160667978), (-16.24157394009999, 28.490678764250955), (-16.256741188095898, 28.49307639305971))]}",88346a6d03fffff,"{'type': 'Polygon', 'coordinates': [((-16.246657823208064, 28.47774338764763), (-16.2517196674277, 28.475108782461096), (-16.25172999379037, 28.469958432408752), (-16.24667906871202, 28.46744279731499), (-16.24161762430093, 28.470077192748104), (-16.241606705171883, 28.47522743300581), (-16.246657823208064, 28.47774338764763))]}",28.48025923431887,-16.251709339853882,28.4725930415602,-16.24666844658293,0,1,0,0,0,0,0
54,Casa de los balcones,28.388385132740666,-16.525892934112726,Cultural,87344cd84ffffff,"{'type': 'Polygon', 'coordinates': [((-16.534965009022596, 28.404494829662983), (-16.545068140116985, 28.39404878995081), (-16.539993806657655, 28.381240457648065), (-16.524820090753117, 28.378877413603135), (-16.51471714695898, 28.389321223393843), (-16.519787730957724, 28.40213030682043), (-16.534965009022596, 28.404494829662983))]}",88344cd843fffff,"{'type': 'Polygon', 'coordinates': [((-16.524831461488994, 28.389180524895643), (-16.52988577482196, 28.386534050579893), (-16.529879792989597, 28.381382442451674), (-16.524820090753117, 28.378877413603135), (-16.519766171507033, 28.38152367477226), (-16.51977156042194, 28.386675177913773), (-16.524831461488994, 28.389180524895643))]}",28.3916857620149,-16.529891757355617,28.384028917577517,-16.52482577578782,0,1,0,0,0,0,0
55,Plaza de España,28.467742861333406,-16.247284930220196,Cultural,87346a6d0ffffff,"{'type': 'Polygon', 'coordinates': [((-16.256741188095898, 28.49307639305971), (-16.26687572102497, 28.48265535687485), (-16.261842772917007, 28.469838919035837), (-16.24667906871202, 28.46744279731499), (-16.236544769625063, 28.47786160667978), (-16.24157394009999, 28.490678764250955), (-16.256741188095898, 28.49307639305971))]}",88346a6d39fffff,"{'type': 'Polygon', 'coordinates': [((-16.25172999379037, 28.469958432408752), (-16.256791346726395, 28.46732360561732), (-16.25680137492342, 28.46217335359515), (-16.251750642883145, 28.459658038041212), (-16.246689689595545, 28.46229265499222), (-16.24667906871202, 28.46744279731499), (-16.25172999379037, 28.469958432408752))]}",28.48025923431887,-16.251709339853882,28.46480818424206,-16.251740318942122,0,1,0,0,0,0,0
56,TEA,28.463794042090647,-16.250749116729445,Cultural,87346a6d3ffffff,"{'type': 'Polygon', 'coordinates': [((-16.261842772917007, 28.469838919035837), (-16.271974239227962, 28.45941782006166), (-16.266941769261127, 28.44660282714102), (-16.251781607444045, 28.44420821203566), (-16.24165037400648, 28.454627083569928), (-16.24667906871202, 28.46744279731499), (-16.261842772917007, 28.469838919035837))]}",88346a6d39fffff,"{'type': 'Polygon', 'coordinates': [((-16.25172999379037, 28.469958432408752), (-16.256791346726395, 28.46732360561732), (-16.25680137492342, 28.46217335359515), (-16.251750642883145, 28.459658038041212), (-16.246689689595545, 28.46229265499222), (-16.24667906871202, 28.46744279731499), (-16.25172999379037, 28.469958432408752))]}",28.457023203582228,-16.25681140194458,28.46480818424206,-16.251740318942122,0,1,0,0,0,0,0
57,Candelaria,28.35129530197359,-16.369707532078007,Cultural,87344cd19ffffff,"{'type': 'Polygon', 'coordinates': [((-16.378225709300008, 28.367972535661025), (-16.38833662727444, 28.35754219298766), (-16.383290545963856, 28.344734482550177), (-16.368137303860504, 28.342356378940934), (-16.35802659897925, 28.352784491167554), (-16.363068922304986, 28.36559293711734), (-16.378225709300008, 28.367972535661025))]}",88344cd193fffff,"{'type': 'Polygon', 'coordinates': [((-16.368130311405363, 28.3526546413733), (-16.37318391858937, 28.35001480373984), (-16.373187118972634, 28.344865618740762), (-16.368137303860504, 28.342356378940934), (-16.363084093210862, 28.34499600498863), (-16.36308030115082, 28.35014508239925), (-16.368130311405363, 28.3526546413733))]}",28.355164092546556,-16.373180717831172,28.347505458234927,-16.36813380783771,0,1,0,0,0,0,0
58,Pirámides de güimar,28.320851561136713,-16.413731145569677,Cultural,87344cc35ffffff,"{'type': 'Polygon', 'coordinates': [((-16.4085525583209, 28.336679215071115), (-16.41865757128446, 28.326246583151228), (-16.41360822545128, 28.31344107661988), (-16.39845761892446, 28.311067462228422), (-16.388352813888304, 28.321497862810418), (-16.393398406647826, 28.33430410878939), (-16.4085525583209, 28.336679215071115))]}",88344cc355fffff,"{'type': 'Polygon', 'coordinates': [((-16.413605727298986, 28.32888835636723), (-16.41865757128446, 28.326246583151228), (-16.41865810825659, 28.32109738437446), (-16.41360739283137, 28.318590065581663), (-16.40855594436318, 28.32123162662059), (-16.408554815814615, 28.326380718606707), (-16.413605727298986, 28.32888835636723))]}",28.323872972925486,-16.403504299828374,28.323739158857443,-16.413606560113934,0,1,0,0,0,0,0
59,Teatro guimerá,28.46593694113348,-16.250959776256806,Cultural,87346a6d3ffffff,"{'type': 'Polygon', 'coordinates': [((-16.261842772917007, 28.469838919035837), (-16.271974239227962, 28.45941782006166), (-16.266941769261127, 28.44660282714102), (-16.251781607444045, 28.44420821203566), (-16.24165037400648, 28.454627083569928), (-16.24667906871202, 28.46744279731499), (-16.261842772917007, 28.469838919035837))]}",88346a6d39fffff,"{'type': 'Polygon', 'coordinates': [((-16.25172999379037, 28.469958432408752), (-16.256791346726395, 28.46732360561732), (-16.25680137492342, 28.46217335359515), (-16.251750642883145, 28.459658038041212), (-16.246689689595545, 28.46229265499222), (-16.24667906871202, 28.46744279731499), (-16.25172999379037, 28.469958432408752))]}",28.457023203582228,-16.25681140194458,28.46480818424206,-16.251740318942122,0,1,0,0,0,0,0
60,Parque Garcia Sanabria,28.47197989538156,-16.25356606091107,Cultural,87346a6d0ffffff,"{'type': 'Polygon', 'coordinates': [((-16.256741188095898, 28.49307639305971), (-16.26687572102497, 28.48265535687485), (-16.261842772917007, 28.469838919035837), (-16.24667906871202, 28.46744279731499), (-16.236544769625063, 28.47786160667978), (-16.24157394009999, 28.490678764250955), (-16.256741188095898, 28.49307639305971))]}",88346a6d07fffff,"{'type': 'Polygon', 'coordinates': [((-16.25677128680389, 28.477624415368627), (-16.261833039369378, 28.474989378712205), (-16.261842772917007, 28.469838919035837), (-16.256791346726395, 28.46732360561732), (-16.25172999379037, 28.469958432408752), (-16.2517196674277, 28.475108782461096), (-16.25677128680389, 28.477624415368627))]}",28.48025923431887,-16.251709339853882,28.472473959568543,-16.256781317353283,0,1,0,0,0,0,0
61,Vilaflor,28.1582467045917,-16.6377092997123,Cultural,87344126dffffff,"{'type': 'Polygon', 'coordinates': [((-16.655791689382824, 28.170948665349687), (-16.665858730721283, 28.160495927078355), (-16.660777773133983, 28.147703142452528), (-16.645633493962073, 28.145362326441646), (-16.63556661898782, 28.155812828603), (-16.640643856010808, 28.16860638255644), (-16.655791689382824, 28.170948665349687))]}",88344126dbfffff,"{'type': 'Polygon', 'coordinates': [((-16.640631410464042, 28.163458044996776), (-16.64567170522904, 28.160806691503538), (-16.64565896665044, 28.15565846284991), (-16.640606523736896, 28.15316169040777), (-16.63556661898782, 28.155812828603), (-16.63557876714733, 28.16096095451556), (-16.640631410464042, 28.163458044996776))]}",28.158155126868863,-16.650711800956497,28.158309814253958,-16.640618966372823,0,1,0,0,0,0,0
62,Museo guanche,28.36907830360665,-16.722027918586665,Cultural,873441375ffffff,"{'type': 'Polygon', 'coordinates': [((-16.72719938020515, 28.38620838254524), (-16.7372855175788, 28.375744415669914), (-16.732180236416482, 28.362939275226648), (-16.71699255044875, 28.36059732961035), (-16.706906568402236, 28.371059065742628), (-16.71200811617663, 28.38386497790658), (-16.72719938020515, 28.38620838254524))]}",8834413751fffff,"{'type': 'Polygon', 'coordinates': [((-16.722112423113675, 28.37855596634735), (-16.7271642747914, 28.375901140380897), (-16.72714672517175, 28.37074767458095), (-16.722077917568196, 28.36824913635619), (-16.717026456358276, 28.37090374699952), (-16.717043412294903, 28.376057111167842), (-16.722112423113675, 28.37855596634735))]}",28.37340249955911,-16.72209516932942,28.373402499559106,-16.72209516932942,0,1,0,0,0,0,0
